duration,cx0,cx1,cx2,cx3,cx4,cx5,cx6,cx7,cx8,cy0,cy1,cy2,cy3,cy4,cy5,cy6,cy7,cy8
0.327077299,0.250000000,-0.000000041,-0.308823496,0.000000086,0.064338274,-0.000000884,-0.006432204,0.000917950,0.000000304,-0.000000000,0.392463267,-0.000000018,-0.160845593,-0.000000371,0.019302832,-0.000001889,-0.000917952,-0.000000269
0.327077299,-0.000000011,-0.392463237,0.000000007,0.160845593,0.000000366,-0.019302830,0.000001892,0.000917951,0.000000269,0.250000000,-0.000000024,-0.308823556,0.000000086,0.064338312,-0.000000886,-0.006432213,0.000917952,0.000000305
0.327077299,-0.250000000,0.000000012,0.308823526,-0.000000077,-0.064338304,0.000000885,0.006432210,-0.000917951,-0.000000305,-0.000000022,-0.392463237,0.000000040,0.160845593,0.000000336,-0.019302834,0.000001907,0.000917946,0.000000269
0.327077329,0.000000003,0.392463267,-0.000000008,-0.160845637,-0.000000346,0.019302839,-0.000001899,-0.000917950,-0.000000268,-0.250000000,0.000000015,0.308823556,-0.000000076,-0.064338297,0.000000888,0.006432198,-0.000917946,-0.000000305
