duration,cx0,cx1,cx2,cx3,cx4,cx5,cx6,cx7,cx8,cy0,cy1,cy2,cy3,cy4,cy5,cy6,cy7,cy8
0.407590330,0.250000000,-0.000000035,-0.308823496,0.000000081,0.064338282,-0.000000873,-0.006432218,0.000917957,0.000000303,0.000000000,0.392463267,-0.000000018,-0.160845593,-0.000000367,0.019302834,-0.000001893,-0.000917950,-0.000000269
0.407590330,-0.000000011,-0.392463237,0.000000009,0.160845593,0.000000361,-0.019302830,0.000001893,0.000917951,0.000000269,0.250000000,-0.000000023,-0.308823556,0.000000086,0.064338312,-0.000000886,-0.006432211,0.000917951,0.000000305
0.407590330,-0.250000000,0.000000011,0.308823526,-0.000000076,-0.064338297,0.000000885,0.006432208,-0.000917951,-0.000000305,-0.000000022,-0.392463237,0.000000036,0.160845593,0.000000340,-0.019302838,0.000001910,0.000917942,0.000000271
0.407590359,0.000000003,0.392463267,-0.000000007,-0.160845622,-0.000000351,0.019302834,-0.000001891,-0.000917955,-0.000000267,-0.250000000,0.000000021,0.308823556,-0.000000081,-0.064338304,0.000000898,0.006432188,-0.000917940,-0.000000307
