duration,cx0,cx1,cx2,cx3,cx4,cx5,cx6,cx7,cx8,cy0,cy1,cy2,cy3,cy4,cy5,cy6,cy7,cy8
0.201412320,0.250000507,0.000000487,-0.077108271,0.000000685,0.003967626,-0.000000360,-0.000086590,0.000003844,0.000000002,-0.000000298,0.196347684,0.000001356,-0.020185152,-0.000001175,0.000621683,0.000000479,-0.000008810,-0.000000004
0.201412335,0.176776245,-0.138837010,-0.054520924,0.014270669,0.002801623,-0.000439110,-0.000059626,0.000008338,0.000000004,0.176776916,0.138837948,-0.054523006,-0.014272086,0.002805832,0.000439368,-0.000061281,-0.000003408,-0.000000001
0.201412305,0.000000249,-0.196341515,-0.000010145,0.020185079,0.000003764,-0.000621597,-0.000001157,0.000008976,0.000000004,0.249999896,-0.000004309,-0.077102110,0.000000127,0.003964087,0.000000042,-0.000085159,0.000003401,0.000000002
0.201412335,-0.176776916,-0.138840601,0.054523986,0.014275209,-0.002807169,-0.000439863,0.000061766,0.000003309,0.000000001,0.176776856,-0.138840228,-0.054523736,0.014272416,0.002806054,-0.000439428,-0.000061297,0.000008826,0.000000004
0.201412350,-0.249999925,0.000001364,0.077104725,-0.000000755,-0.003964084,0.000000302,0.000084953,-0.000003361,-0.000000002,0.000000061,-0.196349904,0.000001872,0.020185987,-0.000001352,-0.000621674,0.000000594,0.000008498,0.000000004
0.201412290,-0.176776797,0.138839528,0.054524168,-0.014272763,-0.002806038,0.000439361,0.000061366,-0.000008844,-0.000000004,-0.176776722,-0.138839841,0.054521549,0.014273169,-0.002803127,-0.000439471,0.000060170,0.000003730,0.000000001
0.201412395,0.000000080,0.196349353,-0.000001471,-0.020186175,0.000001459,0.000621656,-0.000000648,-0.000008475,-0.000000004,-0.250000149,0.000000464,0.077108711,0.000000198,-0.003967308,-0.000000052,0.000086303,-0.000003723,-0.000000001
0.201412290,0.176776499,0.138839781,-0.054521561,-0.014273682,0.002803141,0.000439611,-0.000060064,-0.000003786,-0.000000001,-0.176775932,0.138839811,0.054521084,-0.014273455,-0.002803413,0.000439531,0.000060192,-0.000008515,-0.000000004
