duration,cx0,cx1,cx2,cx3,cx4,cx5,cx6,cx7,cx8,cy0,cy1,cy2,cy3,cy4,cy5,cy6,cy7,cy8
0.207020611,0.250000030,0.000000127,-0.077107295,-0.000000076,0.003966005,-0.000000001,-0.000085771,0.000003569,0.000000002,0.000000249,0.196350127,-0.000000590,-0.020185977,0.000001025,0.000621720,-0.000000472,-0.000008535,-0.000000004
0.207020625,0.176776707,-0.138840199,-0.054522842,0.014273707,0.002804487,-0.000439597,-0.000060728,0.000008681,0.000000004,0.176776722,0.138839632,-0.054522291,-0.014273270,0.002803574,0.000439475,-0.000060308,-0.000003696,-0.000000001
0.207020596,-0.000000108,-0.196349040,0.000000645,0.020185199,-0.000000303,-0.000621476,0.000000146,0.000008611,0.000000004,0.250000268,-0.000000103,-0.077107891,0.000000491,0.003966876,-0.000000068,-0.000086204,0.000003705,0.000000002
0.207020625,-0.176776603,-0.138839751,0.054521978,0.014273331,-0.002803833,-0.000439576,0.000060519,0.000003636,0.000000002,0.176776290,-0.138839900,-0.054521598,0.014273250,0.002803272,-0.000439413,-0.000060210,0.000008516,0.000000004
0.207020640,-0.250000089,-0.000000301,0.077107862,-0.000000041,-0.003966563,-0.000000018,0.000085998,-0.000003633,-0.000000002,0.000000319,-0.196349338,-0.000001821,0.020185824,0.000001361,-0.000621669,-0.000000496,0.000008809,0.000000004
0.207020581,-0.176776603,0.138840303,0.054522254,-0.014273621,-0.002803962,0.000439596,0.000060506,-0.000008617,-0.000000004,-0.176777244,-0.138840571,0.054525338,0.014273497,-0.002805836,-0.000439463,0.000061262,0.000003420,0.000000001
0.207020685,-0.000000007,0.196349159,0.000000174,-0.020185264,-0.000000253,0.000621497,0.000000082,-0.000008678,-0.000000004,-0.249999747,-0.000000221,0.077105552,-0.000000463,-0.003964422,0.000000015,0.000085229,-0.000003425,-0.000000002
0.207020581,0.176776618,0.138839751,-0.054522954,-0.014273570,0.002804485,0.000439575,-0.000060753,-0.000003570,-0.000000001,-0.176777065,0.138838634,0.054524373,-0.014272337,-0.002805882,0.000439402,0.000061200,-0.000008795,-0.000000004
