duration,cx0,cx1,cx2,cx3,cx4,cx5,cx6,cx7,cx8,cy0,cy1,cy2,cy3,cy4,cy5,cy6,cy7,cy8
0.394211262,0.250000000,-0.000000055,-0.308823496,0.000000094,0.064338267,-0.000000883,-0.006432200,0.000917950,0.000000304,-0.000000000,0.392463237,-0.000000007,-0.160845593,-0.000000380,0.019302830,-0.000001886,-0.000917953,-0.000000269
0.394211262,-0.000000011,-0.392463237,0.000000001,0.160845578,0.000000374,-0.019302830,0.000001888,0.000917952,0.000000269,0.250000000,-0.000000023,-0.308823556,0.000000085,0.064338319,-0.000000886,-0.006432217,0.000917953,0.000000305
0.394211262,-0.250000000,0.000000012,0.308823526,-0.000000077,-0.064338304,0.000000885,0.006432213,-0.000917952,-0.000000305,-0.000000022,-0.392463237,0.000000045,0.160845593,0.000000327,-0.019302832,0.000001911,0.000917944,0.000000269
0.394211322,0.000000003,0.392463267,-0.000000019,-0.160845652,-0.000000338,0.019302841,-0.000001903,-0.000917950,-0.000000268,-0.250000000,0.000000001,0.308823586,-0.000000068,-0.064338297,0.000000888,0.006432194,-0.000917945,-0.000000305
