duration,cx0,cx1,cx2,cx3,cx4,cx5,cx6,cx7,cx8,cy0,cy1,cy2,cy3,cy4,cy5,cy6,cy7,cy8,cz0,cz1,cz2,cz3,cz4,cz5,cz6,cz7,cz8
0.617150784,-0.899999976,0.000000000,-0.000000000,0.000000000,0.000000000,0.929377139,0.036160033,-0.945077956,0.379540741,-0.200000003,-0.000000000,-0.000000000,-0.000000000,-0.000000000,-3.290441990,7.897634983,-6.273828983,1.666635871,-0.000000000,-0.000000000,-0.000000000,0.000000000,0.000000000,0.000000000,0.000000000,0.000000000,0.000000000
0.165871441,-0.500000000,0.345268637,0.044546910,-0.035072993,-0.006891112,0.000172243,0.003231288,-0.001536251,0.000281284,-0.200000003,0.094038472,0.034349021,-0.023378197,-0.004733867,-0.007005063,0.011495631,-0.005999812,0.001233815,-0.000000000,-0.000000000,-0.000000000,-0.000000000,0.000000000,0.000000000,0.000000000,0.000000000,0.000000000
0.673767447,-0.150000006,1.272719622,-1.257481933,-2.299251318,2.276088476,2.750848770,-3.536122084,0.988673925,0.004524772,-0.100000001,0.306626171,-0.878679156,-1.565051913,2.463493586,2.881051064,-4.296289444,1.269524813,0.019324675,-0.000000000,-0.000000000,-0.000000000,-0.000000000,0.000000000,0.000000000,0.000000000,0.000000000,0.000000000
0.157312408,0.050000004,0.107117176,0.046707131,-0.019752258,-0.006214455,0.001660761,0.000762457,-0.000327520,0.000046708,0.100000001,0.321475744,0.042215984,-0.042139772,-0.005317928,0.002796328,0.001881838,-0.001167517,0.000255307,-0.000000000,-0.000000000,-0.000000000,-0.000000000,0.000000000,0.000000000,0.000000000,0.000000000,0.000000000
0.458078325,0.180000007,0.370907664,-0.232007161,-0.533337176,0.383391321,0.283665806,-0.261800706,0.005199771,0.023980506,0.419999987,0.807642817,-0.655349374,-0.601888955,0.999338210,0.095126890,-0.167460829,-0.250083238,0.132674456,-0.000000000,-0.000000000,-0.000000000,0.000000000,0.000000000,0.000000000,0.000000000,0.000000000,0.000000000
0.488648266,0.219999999,-0.089377314,0.180503950,0.152669951,-0.342704564,-0.637755513,1.612158179,-1.160963893,0.285469234,0.779999971,0.501698971,0.497848928,-0.395267546,-0.650855660,-3.040340662,7.935420990,-6.109045506,1.580540538,-0.000000000,-0.000000000,-0.000000000,0.000000000,0.000000000,0.000000000,0.000000000,0.000000000,0.000000000
