duration,x^0,x^1,x^2,x^3,x^4,x^5,x^6,x^7,y^0,y^1,y^2,y^3,y^4,y^5,y^6,y^7,z^0,z^1,z^2,z^3,z^4,z^5,z^6,z^7,yaw^0,yaw^1,yaw^2,yaw^3,yaw^4,yaw^5,yaw^6,yaw^7,
0.461136,-0.900000,0.000000,0.000000,0.000000,30.689651,-42.608253,-41.634502,67.897598,-0.200000,-0.000000,-0.000000,0.000000,-2.448806,8.447111,-6.831691,0.063959,-0.000000,-0.000000,-0.000000,0.000000,0.000000,0.000000,0.000000,0.000000,-0.000000,-0.000000,-0.000000,0.000000,0.000000,0.000000,0.000000,0.000000,
0.419640,-0.500000,1.765312,-1.133074,-8.191535,5.243098,51.978283,-101.592735,56.668591,-0.200000,0.098904,0.553000,0.148627,-2.360055,-2.701505,15.588803,-11.632115,-0.000000,-0.000000,-0.000000,-0.000000,0.000000,0.000000,0.000000,0.000000,-0.000000,-0.000000,-0.000000,-0.000000,0.000000,0.000000,0.000000,0.000000,
0.326072,-0.150000,0.329875,0.734557,3.498045,-10.380834,-4.147903,27.182928,-17.781143,-0.100000,0.297574,0.322593,1.844264,3.246146,-5.413790,-16.494778,19.944725,-0.000000,-0.000000,-0.000000,-0.000000,0.000000,0.000000,0.000000,0.000000,-0.000000,-0.000000,-0.000000,-0.000000,0.000000,0.000000,0.000000,0.000000,
0.398189,0.050000,0.702251,-0.670989,-2.638936,4.318569,7.503851,-19.511648,10.999239,0.100000,1.043370,1.067506,-3.223714,-8.096858,8.614202,23.340322,-23.249929,-0.000000,-0.000000,-0.000000,-0.000000,0.000000,0.000000,0.000000,0.000000,-0.000000,-0.000000,-0.000000,-0.000000,0.000000,0.000000,0.000000,0.000000,
0.417576,0.180000,0.081473,-0.022918,1.178105,-2.732709,-3.144577,12.447503,-8.485896,0.420000,0.151262,-1.133699,6.552570,8.953456,3.250411,-93.345688,89.799576,-0.000000,-0.000000,-0.000000,0.000000,0.000000,0.000000,0.000000,0.000000,-0.000000,-0.000000,-0.000000,0.000000,0.000000,0.000000,0.000000,0.000000,
0.368909,0.220000,0.037953,-0.281317,0.226711,3.093665,-9.857830,9.800977,-1.877837,0.780000,1.955723,0.179026,-13.197911,-44.423687,307.081116,-511.089478,268.459595,-0.000000,-0.000000,-0.000000,0.000000,0.000000,0.000000,0.000000,0.000000,-0.000000,-0.000000,-0.000000,0.000000,0.000000,0.000000,0.000000,0.000000,
