duration,cx0,cx1,cx2,cx3,cx4,cx5,cx6,cx7,cx8,cy0,cy1,cy2,cy3,cy4,cy5,cy6,cy7,cy8,cz0,cz1,cz2,cz3,cz4,cz5,cz6,cz7,cz8
0.461135775,-0.899999976,0.000000003,0.000000004,0.000000000,0.000000000,4.662569046,-8.726991653,5.852226734,-1.387804508,-0.200000003,-0.000000000,-0.000000000,0.000000000,0.000000000,-0.266784102,0.598689020,-0.442633837,0.110728905,-0.000000000,-0.000000000,-0.000000000,0.000000000,0.000000000,0.000000000,0.000000000,0.000000000,0.000000000
0.419639915,-0.500000000,0.740795374,-0.199531615,-0.605334878,0.061444826,1.080986261,-1.161655068,0.534439564,-0.101144530,-0.200000003,0.041503984,0.097381964,0.010983156,-0.064975843,-0.067996807,0.134391874,-0.059499208,0.008210891,-0.000000000,-0.000000000,-0.000000000,-0.000000000,0.000000000,0.000000000,0.000000000,0.000000000,0.000000000
0.326072276,-0.150000006,0.107563093,0.078100428,0.121273816,-0.121459089,0.001142215,0.008023889,0.009463971,-0.004108316,-0.100000001,0.097030565,0.034299117,0.063938841,0.037623812,-0.023666341,-0.014259312,0.004105401,0.000927920,-0.000000000,-0.000000000,-0.000000000,-0.000000000,0.000000000,0.000000000,0.000000000,0.000000000,0.000000000
0.398188829,0.049999997,0.279628664,-0.106388204,-0.166608050,0.107337810,0.080033086,-0.085150056,0.022376750,-0.001230000,0.100000001,0.415458441,0.169257730,-0.203527793,-0.191147104,0.036609191,0.167471349,-0.086529188,0.012407369,-0.000000000,-0.000000000,-0.000000000,-0.000000000,0.000000000,0.000000000,0.000000000,0.000000000,0.000000000
0.417576224,0.180000007,0.034021243,-0.003996173,0.085781075,-0.087880053,-0.020754626,0.037237246,0.000383906,-0.004792657,0.419999987,0.063163325,-0.197682917,0.477110445,0.416005164,-0.533837914,0.367765158,-0.376298696,0.143775403,-0.000000000,-0.000000000,-0.000000000,0.000000000,0.000000000,0.000000000,0.000000000,0.000000000,0.000000000
0.368908703,0.219999984,0.014001273,-0.038285475,0.011382259,0.027324688,0.052542157,-0.155142635,0.118152417,-0.029974720,0.779999971,0.721483171,0.024364239,-0.662616014,0.095710039,-1.575871944,4.222907543,-3.424526453,0.918549478,-0.000000000,-0.000000000,-0.000000000,0.000000000,0.000000000,0.000000000,0.000000000,0.000000000,0.000000000
