duration,cx0,cx1,cx2,cx3,cx4,cx5,cx6,cx7,cx8,cy0,cy1,cy2,cy3,cy4,cy5,cy6,cy7,cy8,cz0,cz1,cz2,cz3,cz4,cz5,cz6,cz7,cz8
0.302667111,-0.900008023,-0.000013161,0.000001084,-0.000000298,-0.000000000,4.662595749,-8.727040291,5.852260590,-1.387812614,-0.200002283,-0.000007345,-0.000001783,-0.000000168,-0.000000000,-0.266719431,0.598545551,-0.442526340,0.110701777,-0.000000000,-0.000000000,-0.000000000,0.000000000,0.000000000,0.000000000,0.000000000,0.000000000,0.000000000
0.275431246,-0.499996543,0.740772069,-0.199521586,-0.605326593,0.061452020,1.080993176,-1.161662340,0.534441829,-0.101145059,-0.199996814,0.041479148,0.097373493,0.010997940,-0.064951897,-0.067980975,0.134357154,-0.059484765,0.008208913,-0.000000000,-0.000000000,-0.000000000,-0.000000000,0.000000000,0.000000000,0.000000000,0.000000000,0.000000000
0.214017987,-0.150009781,0.107562274,0.078135900,0.121283330,-0.121468440,0.001136888,0.008023540,0.009464510,-0.004108157,-0.100004211,0.097040839,0.034330554,0.063916206,0.037605390,-0.023664480,-0.014255619,0.004104609,0.000927845,-0.000000000,-0.000000000,-0.000000000,-0.000000000,0.000000000,0.000000000,0.000000000,0.000000000,0.000000000
0.261351794,0.050002091,0.279714912,-0.106380917,-0.166721836,0.107312769,0.080055848,-0.085112177,0.022353183,-0.001226223,0.100007251,0.415504247,0.169240445,-0.203572750,-0.191117465,0.036618270,0.167459399,-0.086526610,0.012407414,-0.000000000,-0.000000000,-0.000000000,-0.000000000,0.000000000,0.000000000,0.000000000,0.000000000,0.000000000
0.274076730,0.179998860,0.033921517,-0.004065133,0.085961506,-0.087763324,-0.020928981,0.037358765,0.000266725,-0.004748596,0.419995815,0.063163526,-0.197683781,0.477128923,0.415992230,-0.533847213,0.367777020,-0.376302958,0.143776029,-0.000000000,-0.000000000,-0.000000000,0.000000000,0.000000000,0.000000000,0.000000000,0.000000000,0.000000000
0.242133752,0.219984114,0.014130976,-0.038264174,0.011175434,0.027355563,0.052060831,-0.153850481,0.117103510,-0.029693218,0.780000150,0.721488953,0.024356369,-0.662618876,0.095717683,-1.575879455,4.222922325,-3.424540281,0.918553531,-0.000000000,-0.000000000,-0.000000000,0.000000000,0.000000000,0.000000000,0.000000000,0.000000000,0.000000000
