duration,cx0,cx1,cx2,cx3,cx4,cx5,cx6,cx7,cx8,cy0,cy1,cy2,cy3,cy4,cy5,cy6,cy7,cy8,cz0,cz1,cz2,cz3,cz4,cz5,cz6,cz7,cz8
0.432776719,-0.899999976,0.000000040,0.000000002,0.000000001,0.000000000,4.662569046,-8.726991653,5.852226734,-1.387804508,-0.200000003,0.000000000,0.000000000,0.000000000,0.000000000,-0.266784161,0.598689139,-0.442633927,0.110728927,-0.000000000,-0.000000000,-0.000000000,0.000000000,0.000000000,0.000000000,0.000000000,0.000000000,0.000000000
0.393832773,-0.500000060,0.740795374,-0.199531600,-0.605334818,0.061444812,1.080986023,-1.161654830,0.534439445,-0.101144515,-0.200000003,0.041503988,0.097381964,0.010983146,-0.064975843,-0.067996807,0.134391874,-0.059499215,0.008210894,-0.000000000,-0.000000000,-0.000000000,-0.000000000,0.000000000,0.000000000,0.000000000,0.000000000,0.000000000
0.306019396,-0.150000006,0.107563116,0.078100324,0.121273883,-0.121459037,0.001142205,0.008023909,0.009463960,-0.004108315,-0.100000001,0.097030558,0.034299109,0.063938849,0.037623823,-0.023666346,-0.014259308,0.004105392,0.000927923,-0.000000000,-0.000000000,-0.000000000,-0.000000000,0.000000000,0.000000000,0.000000000,0.000000000,0.000000000
0.373700887,0.049999963,0.279628217,-0.106388085,-0.166607559,0.107337810,0.080032952,-0.085150130,0.022376819,-0.001230013,0.100000001,0.415458441,0.169257745,-0.203527808,-0.191147089,0.036609221,0.167471305,-0.086529173,0.012407367,-0.000000000,-0.000000000,-0.000000000,-0.000000000,0.000000000,0.000000000,0.000000000,0.000000000,0.000000000
0.391896009,0.180000007,0.034021754,-0.003995996,0.085780241,-0.087880425,-0.020753892,0.037236702,0.000384410,-0.004792843,0.419999987,0.063163325,-0.197682962,0.477110445,0.416005254,-0.533837974,0.367765129,-0.376298696,0.143775418,-0.000000000,-0.000000000,-0.000000000,0.000000000,0.000000000,0.000000000,0.000000000,0.000000000,0.000000000
0.346221447,0.220000073,0.014000611,-0.038285520,0.011383167,0.027324507,0.052544206,-0.155148119,0.118156880,-0.029975921,0.779999971,0.721483171,0.024364237,-0.662616014,0.095710061,-1.575871944,4.222907543,-3.424526453,0.918549418,-0.000000000,-0.000000000,-0.000000000,0.000000000,0.000000000,0.000000000,0.000000000,0.000000000,0.000000000
