duration,cx0,cx1,cx2,cx3,cx4,cx5,cx6,cx7,cx8,cy0,cy1,cy2,cy3,cy4,cy5,cy6,cy7,cy8,cz0,cz1,cz2,cz3,cz4,cz5,cz6,cz7,cz8
0.421052575,-0.899999976,0.000000002,0.000000001,0.000000000,0.000000000,4.662569046,-8.726991653,5.852226734,-1.387804508,-0.200000003,-0.000000000,0.000000000,-0.000000000,-0.000000000,-0.266784102,0.598689020,-0.442633837,0.110728905,-0.000000000,-0.000000000,-0.000000000,0.000000000,0.000000000,0.000000000,0.000000000,0.000000000,0.000000000
0.383163631,-0.500000000,0.740795314,-0.199531615,-0.605334699,0.061444826,1.080986023,-1.161654830,0.534439385,-0.101144500,-0.200000003,0.041503984,0.097381949,0.010983157,-0.064975828,-0.067996785,0.134391829,-0.059499182,0.008210886,-0.000000000,-0.000000000,-0.000000000,-0.000000000,0.000000000,0.000000000,0.000000000,0.000000000,0.000000000
0.297729164,-0.150000006,0.107563108,0.078100413,0.121273801,-0.121459089,0.001142248,0.008023849,0.009463991,-0.004108320,-0.100000001,0.097030580,0.034299117,0.063938826,0.037623812,-0.023666346,-0.014259296,0.004105392,0.000927922,-0.000000000,-0.000000000,-0.000000000,-0.000000000,0.000000000,0.000000000,0.000000000,0.000000000,0.000000000
0.363577157,0.049999993,0.279628664,-0.106388189,-0.166608050,0.107337788,0.080033101,-0.085150063,0.022376755,-0.001230003,0.100000001,0.415458411,0.169257715,-0.203527778,-0.191147059,0.036609154,0.167471364,-0.086529210,0.012407377,-0.000000000,-0.000000000,-0.000000000,-0.000000000,0.000000000,0.000000000,0.000000000,0.000000000,0.000000000
0.381279349,0.180000007,0.034021232,-0.003996182,0.085781112,-0.087880038,-0.020754671,0.037237279,0.000383882,-0.004792649,0.419999987,0.063163355,-0.197682902,0.477110356,0.416005224,-0.533837914,0.367765129,-0.376298666,0.143775418,-0.000000000,-0.000000000,-0.000000000,0.000000000,0.000000000,0.000000000,0.000000000,0.000000000,0.000000000
0.336842149,0.220000029,0.014001421,-0.038285393,0.011382228,0.027324697,0.052542068,-0.155142412,0.118152231,-0.029974671,0.779999971,0.721483171,0.024364246,-0.662616074,0.095710076,-1.575871944,4.222907543,-3.424526453,0.918549478,-0.000000000,-0.000000000,-0.000000000,0.000000000,0.000000000,0.000000000,0.000000000,0.000000000,0.000000000
