duration,cx0,cx1,cx2,cx3,cx4,cx5,cx6,cx7,cx8,cy0,cy1,cy2,cy3,cy4,cy5,cy6,cy7,cy8,cz0,cz1,cz2,cz3,cz4,cz5,cz6,cz7,cz8
0.478806674,-0.899999917,0.000000000,0.000000007,0.000000004,0.000000000,4.662568092,-8.726989746,5.852225780,-1.387804270,-0.200000003,-0.000000000,0.000000000,0.000000000,0.000000000,-0.266784132,0.598689079,-0.442633897,0.110728920,-0.000000000,-0.000000000,-0.000000000,0.000000000,0.000000000,0.000000000,0.000000000,0.000000000,0.000000000
0.435720652,-0.500000060,0.740795255,-0.199531510,-0.605334520,0.061444927,1.080985785,-1.161654592,0.534439325,-0.101144478,-0.200000003,0.041503984,0.097381964,0.010983150,-0.064975843,-0.067996785,0.134391829,-0.059499189,0.008210888,-0.000000000,-0.000000000,-0.000000000,-0.000000000,0.000000000,0.000000000,0.000000000,0.000000000,0.000000000
0.338567495,-0.149999976,0.107563414,0.078100219,0.121273547,-0.121459089,0.001142304,0.008023920,0.009463958,-0.004108319,-0.100000001,0.097030565,0.034299105,0.063938841,0.037623823,-0.023666346,-0.014259310,0.004105397,0.000927921,-0.000000000,-0.000000000,-0.000000000,-0.000000000,0.000000000,0.000000000,0.000000000,0.000000000,0.000000000
0.413447559,0.049999971,0.279627740,-0.106388263,-0.166606948,0.107338347,0.080032818,-0.085150614,0.022377083,-0.001230053,0.100000001,0.415458411,0.169257715,-0.203527778,-0.191147044,0.036609165,0.167471319,-0.086529188,0.012407375,-0.000000000,-0.000000000,-0.000000000,-0.000000000,0.000000000,0.000000000,0.000000000,0.000000000,0.000000000
0.433577925,0.180000022,0.034022894,-0.003995294,0.085778728,-0.087881669,-0.020752352,0.037235677,0.000385477,-0.004793255,0.419999987,0.063163362,-0.197682992,0.477110386,0.416005343,-0.533837914,0.367765099,-0.376298696,0.143775433,-0.000000000,-0.000000000,-0.000000000,0.000000000,0.000000000,0.000000000,0.000000000,0.000000000,0.000000000
0.383045435,0.220000193,0.013999623,-0.038285583,0.011385054,0.027324291,0.052548692,-0.155160189,0.118166655,-0.029978542,0.779999971,0.721483171,0.024364267,-0.662616014,0.095710069,-1.575871944,4.222907543,-3.424526453,0.918549478,-0.000000000,-0.000000000,-0.000000000,0.000000000,0.000000000,0.000000000,0.000000000,0.000000000,0.000000000
