duration,cx0,cx1,cx2,cx3,cx4,cx5,cx6,cx7,cx8,cy0,cy1,cy2,cy3,cy4,cy5,cy6,cy7,cy8,cz0,cz1,cz2,cz3,cz4,cz5,cz6,cz7,cz8
0.423317134,-0.900000095,-0.000000102,0.000000016,-0.000000002,-0.000000000,3.798793316,-6.794430733,4.434001923,-1.038364649,-0.200000003,0.000000004,-0.000000004,0.000000000,0.000000000,-1.152341127,2.660895586,-2.029290676,0.520736217,-0.000000000,-0.000000000,-0.000000000,0.000000000,0.000000000,0.000000000,0.000000000,0.000000000,0.000000000
0.169841930,-0.499999911,0.384557903,0.017916916,-0.055481415,-0.010830357,0.031318989,-0.030182885,0.016224571,-0.003524085,-0.200000003,0.066009335,0.057231780,-0.010943757,-0.010932930,-0.012021107,0.017706977,-0.008819900,0.001769608,-0.000000000,-0.000000000,-0.000000000,-0.000000000,0.000000000,0.000000000,0.000000000,0.000000000,0.000000000
0.541991591,-0.150000006,0.866408587,-1.130580187,-0.609626114,1.472096205,0.277592689,-1.023834586,0.366973341,-0.019029869,-0.100000001,0.326977670,-0.320497185,-0.986134052,1.010303020,1.468325257,-1.768949032,0.459050536,0.010923791,-0.000000000,-0.000000000,-0.000000000,-0.000000000,0.000000000,0.000000000,0.000000000,0.000000000,0.000000000
0.182364479,0.049999990,0.109785371,0.052658647,-0.024517108,-0.012631065,0.003622280,0.001654749,-0.000623443,0.000050290,0.100000001,0.268325359,0.099385329,-0.036650974,-0.017314307,0.004089052,0.003488345,-0.001553744,0.000230896,-0.000000000,-0.000000000,-0.000000000,-0.000000000,0.000000000,0.000000000,0.000000000,0.000000000,0.000000000
0.302889019,0.180000022,0.191179186,-0.130532950,-0.113295935,0.091327943,0.021586793,-0.014852064,-0.010935295,0.005522287,0.419999987,0.531873405,-0.130760491,-0.168157190,0.131176129,0.014507231,0.002999334,-0.035512649,0.013874222,-0.000000000,-0.000000000,-0.000000000,0.000000000,0.000000000,0.000000000,0.000000000,0.000000000,0.000000000
0.671197414,0.219999984,-0.128549069,-0.021524487,1.059398770,-0.474906504,-3.764652967,6.571808338,-4.218035221,0.976461172,0.779999971,0.539642692,-0.075624980,1.040517092,-0.555700600,-7.637359619,14.602991104,-10.037435532,2.442969561,-0.000000000,-0.000000000,-0.000000000,0.000000000,0.000000000,0.000000000,0.000000000,0.000000000,0.000000000
