duration,cx0,cx1,cx2,cx3,cx4,cx5,cx6,cx7,cx8,cy0,cy1,cy2,cy3,cy4,cy5,cy6,cy7,cy8,cz0,cz1,cz2,cz3,cz4,cz5,cz6,cz7,cz8
0.592992902,-0.899999976,-0.000000002,-0.000000001,-0.000000000,-0.000000000,1.339490533,-0.937637806,-0.179764882,0.177912191,-0.200000003,-0.000000002,-0.000000000,-0.000000000,-0.000000000,-3.025574684,7.246203423,-5.743511200,1.522882819,-0.000000000,-0.000000000,-0.000000000,0.000000000,0.000000000,0.000000000,0.000000000,0.000000000,0.000000000
0.167849556,-0.500000000,0.350016892,0.043009773,-0.038247999,-0.007735378,0.001460361,0.002366815,-0.001032041,0.000161566,-0.200000003,0.092793614,0.037198309,-0.024337137,-0.005494385,-0.007755260,0.012950988,-0.006733565,0.001377449,-0.000000000,-0.000000000,-0.000000000,-0.000000000,0.000000000,0.000000000,0.000000000,0.000000000,0.000000000
0.627850294,-0.150000006,1.144317150,-1.191951990,-1.796376109,2.007967949,1.980047822,-2.713819981,0.767408311,0.002406710,-0.100000001,0.280599624,-0.768195331,-1.223903894,2.102719069,2.120740652,-3.301959515,0.973455429,0.016543759,-0.000000000,-0.000000000,-0.000000000,-0.000000000,0.000000000,0.000000000,0.000000000,0.000000000,0.000000000
0.163104832,0.050000004,0.106923632,0.050134171,-0.021851182,-0.008067570,0.002176534,0.001074049,-0.000447199,0.000057592,0.100000001,0.317418098,0.051304583,-0.046414636,-0.007259759,0.003623127,0.002544690,-0.001537821,0.000321703,-0.000000000,-0.000000000,-0.000000000,-0.000000000,0.000000000,0.000000000,0.000000000,0.000000000,0.000000000
0.410987884,0.180000007,0.312516391,-0.214144394,-0.372803032,0.294500649,0.164594859,-0.157800868,-0.004232517,0.017368929,0.419999987,0.697819471,-0.510372996,-0.386161804,0.714421213,-0.002960923,-0.045641094,-0.203706652,0.096602790,-0.000000000,-0.000000000,-0.000000000,0.000000000,0.000000000,0.000000000,0.000000000,0.000000000,0.000000000
0.481067598,0.220000014,-0.082739204,0.151852846,0.191890344,-0.341369450,-0.694608510,1.672870159,-1.187831163,0.289935023,0.779999971,0.508585811,0.452794641,-0.306127787,-0.661780119,-3.227994919,8.203722954,-6.262569904,1.613369465,-0.000000000,-0.000000000,-0.000000000,0.000000000,0.000000000,0.000000000,0.000000000,0.000000000,0.000000000
