duration,x^0,x^1,x^2,x^3,x^4,x^5,x^6,x^7,y^0,y^1,y^2,y^3,y^4,y^5,y^6,y^7,z^0,z^1,z^2,z^3,z^4,z^5,z^6,z^7,yaw^0,yaw^1,yaw^2,yaw^3,yaw^4,yaw^5,yaw^6,yaw^7,
0.256302,-0.900197,-0.000941,-0.000814,-0.000350,321.653076,-803.474487,-1412.185669,4143.779785,-0.200016,-0.000087,-0.000109,-0.000022,-25.644756,159.177917,-231.631439,3.908322,-0.000000,-0.000000,-0.000000,0.000000,0.000000,0.000000,0.000000,0.000000,-0.000000,-0.000000,-0.000000,0.000000,0.000000,0.000000,0.000000,0.000000,
0.233238,-0.499976,3.176530,-3.666621,-47.721645,54.898296,980.124512,-3445.941162,3457.968994,-0.199991,0.177905,1.790202,0.866171,-24.721428,-50.905865,528.472107,-709.483032,-0.000000,-0.000000,-0.000000,-0.000000,0.000000,0.000000,0.000000,0.000000,-0.000000,-0.000000,-0.000000,-0.000000,0.000000,0.000000,0.000000,0.000000,
0.181233,-0.150019,0.592916,2.376117,20.399101,-108.732513,-78.414795,921.300171,-1083.270630,-0.100049,0.535459,1.043456,10.732532,33.986000,-101.999168,-559.268433,1216.737793,-0.000000,-0.000000,-0.000000,-0.000000,0.000000,0.000000,0.000000,0.000000,-0.000000,-0.000000,-0.000000,-0.000000,0.000000,0.000000,0.000000,0.000000,
0.221316,0.050013,1.264557,-2.169094,-15.398887,45.111382,141.778595,-660.501160,668.779663,0.100030,1.877217,3.451710,-18.765268,-84.795433,162.419983,791.183533,-1418.241333,-0.000000,-0.000000,-0.000000,-0.000000,0.000000,0.000000,0.000000,0.000000,-0.000000,-0.000000,-0.000000,-0.000000,0.000000,0.000000,0.000000,0.000000,
0.232091,0.179996,0.143886,-0.080487,6.938664,-28.477621,-59.194393,416.560760,-508.020569,0.419980,0.271946,-3.665087,38.167225,93.752831,61.302013,-3166.027832,5480.081543,-0.000000,-0.000000,-0.000000,0.000000,0.000000,0.000000,0.000000,0.000000,-0.000000,-0.000000,-0.000000,0.000000,0.000000,0.000000,0.000000,0.000000,
0.205041,0.219913,0.072308,-0.906667,1.179588,31.571611,-175.336868,300.973297,-84.846527,0.780009,3.519186,0.575992,-76.870003,-465.506042,5790.201172,-17340.023438,16389.097656,-0.000000,-0.000000,-0.000000,0.000000,0.000000,0.000000,0.000000,0.000000,-0.000000,-0.000000,-0.000000,0.000000,0.000000,0.000000,0.000000,0.000000,
