duration,cx0,cx1,cx2,cx3,cx4,cx5,cx6,cx7,cx8,cy0,cy1,cy2,cy3,cy4,cy5,cy6,cy7,cy8,cz0,cz1,cz2,cz3,cz4,cz5,cz6,cz7,cz8
0.256301790,-0.900197208,-0.000241249,-0.000053452,-0.000005901,-0.000000000,4.663343906,-8.728219032,5.852958202,-1.387965322,-0.200016305,-0.000022275,-0.000007161,-0.000000368,-0.000000000,-0.266604781,0.598326504,-0.442375511,0.110665105,-0.000000000,-0.000000000,-0.000000000,0.000000000,0.000000000,0.000000000,0.000000000,0.000000000,0.000000000
0.233238146,-0.499976397,0.740888059,-0.199464306,-0.605499983,0.061307248,1.081143022,-1.161700249,0.534467161,-0.101155952,-0.199990541,0.041494291,0.097387038,0.010990113,-0.064952724,-0.067964643,0.134317815,-0.059465878,0.008206245,-0.000000000,-0.000000000,-0.000000000,-0.000000000,0.000000000,0.000000000,0.000000000,0.000000000,0.000000000
0.181232750,-0.150018826,0.107455790,0.078044303,0.121428624,-0.121410057,0.001100830,0.007997556,0.009474425,-0.004107703,-0.100049041,0.097042762,0.034272630,0.063886963,0.037592631,-0.023654282,-0.014249806,0.004102394,0.000927770,-0.000000000,-0.000000000,-0.000000000,-0.000000000,0.000000000,0.000000000,0.000000000,0.000000000,0.000000000
0.221315518,0.050013158,0.279865980,-0.106243454,-0.166926369,0.107017279,0.080112644,-0.084864087,0.022224415,-0.001207737,0.100030430,0.415457249,0.169066682,-0.203418478,-0.191022590,0.036601488,0.167423755,-0.086517081,0.012408084,-0.000000000,-0.000000000,-0.000000000,-0.000000000,0.000000000,0.000000000,0.000000000,0.000000000,0.000000000
0.232091144,0.179995582,0.033394683,-0.004335533,0.086746424,-0.087162234,-0.021734325,0.037914846,-0.000300053,-0.004532156,0.419979811,0.063116156,-0.197424710,0.477162510,0.415819049,-0.533862233,0.367870331,-0.376346976,0.143784001,-0.000000000,-0.000000000,-0.000000000,0.000000000,0.000000000,0.000000000,0.000000000,0.000000000,0.000000000
0.205041468,0.219913155,0.014826188,-0.038118076,0.010168465,0.027495179,0.049691781,-0.147492498,0.111947224,-0.028310278,0.780008852,0.721579075,0.024215870,-0.662646592,0.095820449,-1.575985074,4.223113060,-3.424711227,0.918604255,-0.000000000,-0.000000000,-0.000000000,0.000000000,0.000000000,0.000000000,0.000000000,0.000000000,0.000000000
