duration,cx0,cx1,cx2,cx3,cx4,cx5,cx6,cx7,cx8,cy0,cy1,cy2,cy3,cy4,cy5,cy6,cy7,cy8,cz0,cz1,cz2,cz3,cz4,cz5,cz6,cz7,cz8
0.410533607,-0.899999917,0.000000035,0.000000008,0.000000000,0.000000000,4.662569046,-8.726991653,5.852226734,-1.387804508,-0.200000003,0.000000000,-0.000000000,0.000000000,0.000000000,-0.266784161,0.598689198,-0.442633957,0.110728934,-0.000000000,-0.000000000,-0.000000000,0.000000000,0.000000000,0.000000000,0.000000000,0.000000000,0.000000000
0.373591214,-0.500000000,0.740795314,-0.199531615,-0.605334640,0.061444860,1.080985785,-1.161654592,0.534439325,-0.101144485,-0.200000003,0.041503988,0.097381964,0.010983143,-0.064975843,-0.067996778,0.134391829,-0.059499193,0.008210889,-0.000000000,-0.000000000,-0.000000000,-0.000000000,0.000000000,0.000000000,0.000000000,0.000000000,0.000000000
0.290291131,-0.150000006,0.107563138,0.078100316,0.121273778,-0.121459052,0.001142217,0.008023898,0.009463966,-0.004108316,-0.100000001,0.097030565,0.034299109,0.063938849,0.037623819,-0.023666346,-0.014259308,0.004105395,0.000927922,-0.000000000,-0.000000000,-0.000000000,-0.000000000,0.000000000,0.000000000,0.000000000,0.000000000,0.000000000
0.354494035,0.049999990,0.279628396,-0.106388107,-0.166607752,0.107337818,0.080032982,-0.085150085,0.022376789,-0.001230009,0.100000001,0.415458411,0.169257715,-0.203527778,-0.191147029,0.036609188,0.167471305,-0.086529180,0.012407373,-0.000000000,-0.000000000,-0.000000000,-0.000000000,0.000000000,0.000000000,0.000000000,0.000000000,0.000000000
0.371753991,0.180000007,0.034021545,-0.003996009,0.085780598,-0.087880269,-0.020754233,0.037236962,0.000384173,-0.004792757,0.419999987,0.063163392,-0.197682902,0.477110296,0.416005194,-0.533837795,0.367765039,-0.376298606,0.143775389,-0.000000000,-0.000000000,-0.000000000,0.000000000,0.000000000,0.000000000,0.000000000,0.000000000,0.000000000
0.328426957,0.220000073,0.014001095,-0.038285363,0.011382753,0.027324608,0.052543279,-0.155145645,0.118154868,-0.029975379,0.779999971,0.721483111,0.024364278,-0.662616014,0.095710032,-1.575872064,4.222907543,-3.424526691,0.918549478,-0.000000000,-0.000000000,-0.000000000,0.000000000,0.000000000,0.000000000,0.000000000,0.000000000,0.000000000
