duration,x^0,x^1,x^2,x^3,x^4,x^5,x^6,x^7,y^0,y^1,y^2,y^3,y^4,y^5,y^6,y^7,z^0,z^1,z^2,z^3,z^4,z^5,z^6,z^7,yaw^0,yaw^1,yaw^2,yaw^3,yaw^4,yaw^5,yaw^6,yaw^7,
0.432777,-0.900000,0.000000,0.000000,0.000000,39.560017,-58.524548,-60.926964,105.875587,-0.200000,0.000000,0.000000,0.000000,-3.156565,11.602031,-9.998125,0.099744,-0.000000,-0.000000,-0.000000,0.000000,0.000000,0.000000,0.000000,0.000000,-0.000000,-0.000000,-0.000000,0.000000,0.000000,0.000000,0.000000,0.000000,
0.393833,-0.500000,1.880990,-1.286435,-9.909691,6.758285,71.393150,-148.684067,88.369972,-0.200000,0.105385,0.627848,0.179801,-3.042173,-3.710303,22.813612,-18.138783,-0.000000,-0.000000,-0.000000,-0.000000,0.000000,0.000000,0.000000,0.000000,-0.000000,-0.000000,-0.000000,-0.000000,0.000000,0.000000,0.000000,0.000000,
0.306019,-0.150000,0.351491,0.833979,4.231754,-13.381041,-5.697447,39.784828,-27.729914,-0.100000,0.317073,0.366256,2.231094,4.184303,-7.435394,-24.141022,31.102772,-0.000000,-0.000000,-0.000000,-0.000000,0.000000,0.000000,0.000000,0.000000,-0.000000,-0.000000,-0.000000,-0.000000,0.000000,0.000000,0.000000,0.000000,
0.373701,0.050000,0.748267,-0.761807,-3.192437,5.566804,10.306118,-28.554041,17.151247,0.100000,1.111741,1.211993,-3.899881,-10.437311,11.833394,34.153851,-36.252293,-0.000000,-0.000000,-0.000000,-0.000000,0.000000,0.000000,0.000000,0.000000,-0.000000,-0.000000,-0.000000,-0.000000,0.000000,0.000000,0.000000,0.000000,
0.391896,0.180000,0.086813,-0.026019,1.425197,-3.522524,-4.319092,18.216930,-13.233021,0.420000,0.161174,-1.287145,7.926955,11.541347,4.463109,-136.607910,140.030609,-0.000000,-0.000000,-0.000000,0.000000,0.000000,0.000000,0.000000,0.000000,-0.000000,-0.000000,-0.000000,0.000000,0.000000,0.000000,0.000000,0.000000,
0.346221,0.220000,0.040438,-0.319394,0.274284,3.987894,-13.540397,14.345280,-2.929433,0.780000,2.083878,0.203257,-15.966144,-57.262882,421.770905,-747.971863,418.630157,-0.000000,-0.000000,-0.000000,0.000000,0.000000,0.000000,0.000000,0.000000,-0.000000,-0.000000,-0.000000,0.000000,0.000000,0.000000,0.000000,0.000000,
