duration,cx0,cx1,cx2,cx3,cx4,cx5,cx6,cx7,cx8,cy0,cy1,cy2,cy3,cy4,cy5,cy6,cy7,cy8,cz0,cz1,cz2,cz3,cz4,cz5,cz6,cz7,cz8
0.445999116,-0.899999976,0.000000001,0.000000000,0.000000000,0.000000000,4.662569523,-8.726991653,5.852227211,-1.387804508,-0.200000003,-0.000000000,-0.000000000,0.000000000,0.000000000,-0.266784102,0.598689020,-0.442633808,0.110728897,-0.000000000,-0.000000000,-0.000000000,0.000000000,0.000000000,0.000000000,0.000000000,0.000000000,0.000000000
0.405865341,-0.500000000,0.740795314,-0.199531630,-0.605334759,0.061444849,1.080986142,-1.161654830,0.534439445,-0.101144515,-0.200000003,0.041503981,0.097381949,0.010983156,-0.064975828,-0.067996792,0.134391829,-0.059499193,0.008210889,-0.000000000,-0.000000000,-0.000000000,-0.000000000,0.000000000,0.000000000,0.000000000,0.000000000,0.000000000
0.315369040,-0.150000006,0.107563101,0.078100421,0.121273808,-0.121459074,0.001142216,0.008023882,0.009463974,-0.004108317,-0.100000001,0.097030573,0.034299117,0.063938826,0.037623808,-0.023666343,-0.014259296,0.004105389,0.000927923,-0.000000000,-0.000000000,-0.000000000,-0.000000000,0.000000000,0.000000000,0.000000000,0.000000000,0.000000000
0.385118395,0.050000001,0.279628664,-0.106388189,-0.166608050,0.107337795,0.080033064,-0.085150018,0.022376731,-0.001229997,0.100000001,0.415458411,0.169257715,-0.203527778,-0.191147059,0.036609206,0.167471275,-0.086529158,0.012407365,-0.000000000,-0.000000000,-0.000000000,-0.000000000,0.000000000,0.000000000,0.000000000,0.000000000,0.000000000
0.403869420,0.180000007,0.034021251,-0.003996181,0.085781112,-0.087880038,-0.020754673,0.037237287,0.000383876,-0.004792647,0.419999987,0.063163362,-0.197682932,0.477110356,0.416005224,-0.533837855,0.367765069,-0.376298636,0.143775389,-0.000000000,-0.000000000,-0.000000000,0.000000000,0.000000000,0.000000000,0.000000000,0.000000000,0.000000000
0.356799394,0.220000014,0.014001300,-0.038285464,0.011382231,0.027324695,0.052542094,-0.155142471,0.118152276,-0.029974684,0.779999971,0.721483171,0.024364294,-0.662616014,0.095709972,-1.575871944,4.222907543,-3.424526453,0.918549478,-0.000000000,-0.000000000,-0.000000000,0.000000000,0.000000000,0.000000000,0.000000000,0.000000000,0.000000000
