duration,cx0,cx1,cx2,cx3,cx4,cx5,cx6,cx7,cx8,cy0,cy1,cy2,cy3,cy4,cy5,cy6,cy7,cy8,cz0,cz1,cz2,cz3,cz4,cz5,cz6,cz7,cz8
0.341640770,-0.900009096,-0.000000667,-0.000004726,-0.000000297,-0.000000000,4.662608624,-8.727059364,5.852269173,-1.387814045,-0.199999869,0.000000192,0.000000081,0.000000004,0.000000000,-0.266785830,0.598692656,-0.442636460,0.110729553,-0.000000000,-0.000000000,-0.000000000,0.000000000,0.000000000,0.000000000,0.000000000,0.000000000,0.000000000
0.310897797,-0.499996036,0.740779400,-0.199531972,-0.605346978,0.061441295,1.080997229,-1.161658168,0.534440875,-0.101145171,-0.200000182,0.041504350,0.097382531,0.010983251,-0.064976156,-0.067997232,0.134392530,-0.059499502,0.008210937,-0.000000000,-0.000000000,-0.000000000,-0.000000000,0.000000000,0.000000000,0.000000000,0.000000000,0.000000000
0.241576537,-0.150002375,0.107532375,0.078110546,0.121289074,-0.121456683,0.001138184,0.008022130,0.009464744,-0.004108242,-0.099999860,0.097031392,0.034298863,0.063939184,0.037623987,-0.023666417,-0.014259367,0.004105410,0.000927924,-0.000000000,-0.000000000,-0.000000000,-0.000000000,0.000000000,0.000000000,0.000000000,0.000000000,0.000000000
0.295005381,0.050001685,0.279648185,-0.106362700,-0.166650176,0.107311219,0.080042183,-0.085124336,0.022362623,-0.001227904,0.099999703,0.415458173,0.169258446,-0.203528151,-0.191147968,0.036609210,0.167471632,-0.086529270,0.012407369,-0.000000000,-0.000000000,-0.000000000,-0.000000000,0.000000000,0.000000000,0.000000000,0.000000000,0.000000000
0.309368908,0.179999843,0.033956897,-0.004021320,0.085871749,-0.087811239,-0.020848168,0.037301335,0.000319607,-0.004768175,0.420000076,0.063164540,-0.197685108,0.477110118,0.416006416,-0.533837795,0.367764503,-0.376298457,0.143775389,-0.000000000,-0.000000000,-0.000000000,0.000000000,0.000000000,0.000000000,0.000000000,0.000000000,0.000000000
0.273312688,0.219988510,0.014073471,-0.038269505,0.011266917,0.027340366,0.052274592,-0.154423535,0.117569156,-0.029818296,0.779999912,0.721482694,0.024364771,-0.662615776,0.095709458,-1.575871348,4.222906113,-3.424525261,0.918549120,-0.000000000,-0.000000000,-0.000000000,0.000000000,0.000000000,0.000000000,0.000000000,0.000000000,0.000000000
