duration,x^0,x^1,x^2,x^3,x^4,x^5,x^6,x^7,y^0,y^1,y^2,y^3,y^4,y^5,y^6,y^7,z^0,z^1,z^2,z^3,z^4,z^5,z^6,z^7,yaw^0,yaw^1,yaw^2,yaw^3,yaw^4,yaw^5,yaw^6,yaw^7,
0.370046,-0.900000,-0.000001,-0.000000,-0.000000,74.010979,-128.058731,-155.881927,316.831116,-0.200000,-0.000000,0.000000,0.000000,-5.905013,25.382086,-25.576880,0.292469,-0.000000,-0.000000,-0.000000,0.000000,0.000000,0.000000,0.000000,0.000000,-0.000000,-0.000000,-0.000000,0.000000,0.000000,0.000000,0.000000,0.000000,
0.336747,-0.500000,2.199854,-1.759567,-15.852043,12.643751,156.206070,-380.461792,264.462646,-0.200000,0.123251,0.858762,0.287613,-5.691390,-8.118354,58.378601,-54.284275,-0.000000,-0.000000,-0.000000,-0.000000,0.000000,0.000000,0.000000,0.000000,-0.000000,-0.000000,-0.000000,-0.000000,0.000000,0.000000,0.000000,0.000000,
0.261662,-0.150000,0.411071,1.140720,6.769312,-25.033878,-12.465105,101.798973,-82.982048,-0.100000,0.370824,0.500953,3.568986,7.828241,-16.269295,-61.771938,93.077873,-0.000000,-0.000000,-0.000000,-0.000000,0.000000,0.000000,0.000000,0.000000,-0.000000,-0.000000,-0.000000,-0.000000,0.000000,0.000000,0.000000,0.000000,
0.319533,0.050000,0.875132,-1.042005,-5.106942,10.414571,22.549856,-73.064857,51.325859,0.100000,1.300204,1.657753,-6.238443,-19.526094,25.888121,87.405289,-108.499634,-0.000000,-0.000000,-0.000000,-0.000000,0.000000,0.000000,0.000000,0.000000,-0.000000,-0.000000,-0.000000,-0.000000,0.000000,0.000000,0.000000,0.000000,
0.335091,0.180000,0.101508,-0.035597,2.280081,-6.589819,-9.450328,46.611469,-39.596790,0.420000,0.188498,-1.760541,12.680362,21.591618,9.767775,-349.570099,419.071198,-0.000000,-0.000000,-0.000000,0.000000,0.000000,0.000000,0.000000,0.000000,-0.000000,-0.000000,-0.000000,0.000000,0.000000,0.000000,0.000000,0.000000,
0.296037,0.219999,0.047321,-0.436836,0.438332,7.459139,-29.612003,36.678959,-8.748443,0.780000,2.437140,0.278015,-25.540270,-107.138550,922.909119,-1914.229858,1253.092163,-0.000000,-0.000000,-0.000000,0.000000,0.000000,0.000000,0.000000,0.000000,-0.000000,-0.000000,-0.000000,0.000000,0.000000,0.000000,0.000000,0.000000,
