duration,x^0,x^1,x^2,x^3,x^4,x^5,x^6,x^7,y^0,y^1,y^2,y^3,y^4,y^5,y^6,y^7,z^0,z^1,z^2,z^3,z^4,z^5,z^6,z^7,yaw^0,yaw^1,yaw^2,yaw^3,yaw^4,yaw^5,yaw^6,yaw^7,
0.478807,-0.900000,0.000000,0.000000,0.000000,26.405689,-35.315807,-33.204765,52.170898,-0.200000,-0.000000,0.000000,0.000000,-2.106772,6.998940,-5.451227,0.048794,-0.000000,-0.000000,-0.000000,0.000000,0.000000,0.000000,0.000000,0.000000,-0.000000,-0.000000,-0.000000,0.000000,0.000000,0.000000,0.000000,0.000000,
0.435721,-0.500000,1.700161,-1.050982,-7.317640,4.511067,43.067894,-81.070351,43.551388,-0.200000,0.095254,0.512935,0.132771,-2.030476,-2.238405,12.440001,-8.939970,-0.000000,-0.000000,-0.000000,-0.000000,0.000000,0.000000,0.000000,0.000000,-0.000000,-0.000000,-0.000000,-0.000000,0.000000,0.000000,0.000000,0.000000,
0.338567,-0.150000,0.317702,0.681337,3.124858,-8.931040,-3.437621,21.694433,-13.668409,-0.100000,0.286592,0.299221,1.647513,2.792769,-4.485485,-13.164009,15.329683,-0.000000,-0.000000,-0.000000,-0.000000,0.000000,0.000000,0.000000,0.000000,-0.000000,-0.000000,-0.000000,-0.000000,0.000000,0.000000,0.000000,0.000000,
0.413448,0.050000,0.676332,-0.622376,-2.357392,3.715607,6.217050,-15.569410,8.452812,0.100000,1.004864,0.990165,-2.879801,-6.966335,7.138952,18.623455,-17.867346,-0.000000,-0.000000,-0.000000,-0.000000,0.000000,0.000000,0.000000,0.000000,-0.000000,-0.000000,-0.000000,-0.000000,0.000000,0.000000,0.000000,0.000000,
0.433578,0.180000,0.078470,-0.021253,1.052393,-2.351098,-2.605664,9.933599,-6.522293,0.420000,0.145679,-1.051562,5.853524,7.703258,2.692314,-74.489563,69.015465,-0.000000,-0.000000,-0.000000,0.000000,0.000000,0.000000,0.000000,0.000000,-0.000000,-0.000000,-0.000000,0.000000,0.000000,0.000000,0.000000,0.000000,
0.383045,0.220000,0.036548,-0.260936,0.202574,2.661841,-8.169612,7.823969,-1.444861,0.780000,1.883545,0.166055,-11.789926,-38.219856,254.446060,-407.857666,206.329300,-0.000000,-0.000000,-0.000000,0.000000,0.000000,0.000000,0.000000,0.000000,-0.000000,-0.000000,-0.000000,0.000000,0.000000,0.000000,0.000000,0.000000,
