duration,cx0,cx1,cx2,cx3,cx4,cx5,cx6,cx7,cx8,cy0,cy1,cy2,cy3,cy4,cy5,cy6,cy7,cy8,cz0,cz1,cz2,cz3,cz4,cz5,cz6,cz7,cz8
0.370045692,-0.900000155,-0.000000393,-0.000000023,-0.000000006,-0.000000000,4.662569046,-8.726991653,5.852227211,-1.387804627,-0.199999943,-0.000000007,0.000000001,0.000000001,0.000000000,-0.266784787,0.598690689,-0.442635149,0.110729247,-0.000000000,-0.000000000,-0.000000000,0.000000000,0.000000000,0.000000000,0.000000000,0.000000000,0.000000000
0.336746663,-0.499999821,0.740793645,-0.199531898,-0.605334103,0.061445396,1.080986142,-1.161655188,0.534439564,-0.101144530,-0.200000063,0.041504368,0.097382136,0.010982944,-0.064976186,-0.067996994,0.134392351,-0.059499413,0.008210921,-0.000000000,-0.000000000,-0.000000000,-0.000000000,0.000000000,0.000000000,0.000000000,0.000000000,0.000000000
0.261661857,-0.150000244,0.107561499,0.078101605,0.121273465,-0.121459566,0.001142033,0.008023979,0.009463949,-0.004108305,-0.099999890,0.097030595,0.034298703,0.063939027,0.037624069,-0.023666391,-0.014259377,0.004105414,0.000927923,-0.000000000,-0.000000000,-0.000000000,-0.000000000,0.000000000,0.000000000,0.000000000,0.000000000,0.000000000
0.319532901,0.050000362,0.279633492,-0.106390052,-0.166612551,0.107337788,0.080033921,-0.085148588,0.022375718,-0.001229813,0.099999964,0.415457875,0.169258699,-0.203527436,-0.191147715,0.036609169,0.167471468,-0.086529180,0.012407354,-0.000000000,-0.000000000,-0.000000000,-0.000000000,0.000000000,0.000000000,0.000000000,0.000000000,0.000000000
0.335090637,0.179999903,0.034014445,-0.003997046,0.085790083,-0.087876268,-0.020762933,0.037243690,0.000378113,-0.004790550,0.420000046,0.063163832,-0.197683588,0.477109969,0.416005790,-0.533837736,0.367764801,-0.376298517,0.143775374,-0.000000000,-0.000000000,-0.000000000,0.000000000,0.000000000,0.000000000,0.000000000,0.000000000,0.000000000
0.296036631,0.219998986,0.014008639,-0.038283262,0.011372079,0.027326940,0.052519064,-0.155081183,0.118102387,-0.029961258,0.779999971,0.721482873,0.024364568,-0.662615836,0.095709696,-1.575871706,4.222907066,-3.424525976,0.918549359,-0.000000000,-0.000000000,-0.000000000,0.000000000,0.000000000,0.000000000,0.000000000,0.000000000,0.000000000
