duration,cx0,cx1,cx2,cx3,cx4,cx5,cx6,cx7,cx8,cy0,cy1,cy2,cy3,cy4,cy5,cy6,cy7,cy8,cz0,cz1,cz2,cz3,cz4,cz5,cz6,cz7,cz8
0.429093361,-0.899999976,0.000000008,0.000000000,0.000000000,0.000000000,3.759169579,-6.696033478,4.353386879,-1.016523004,-0.200000003,-0.000000007,-0.000000001,-0.000000000,-0.000000000,-1.209068298,2.800220490,-2.142300129,0.551147819,-0.000000000,-0.000000000,-0.000000000,0.000000000,0.000000000,0.000000000,0.000000000,0.000000000,0.000000000
0.172856703,-0.500000000,0.387199819,0.017798124,-0.057902787,-0.011395820,0.031575784,-0.029853642,0.016089225,-0.003510722,-0.200000003,0.068106033,0.057847343,-0.013237908,-0.011645119,-0.012601806,0.019172356,-0.009547038,0.001906150,-0.000000000,-0.000000000,-0.000000000,-0.000000000,0.000000000,0.000000000,0.000000000,0.000000000,0.000000000
0.518163860,-0.150000006,0.799773932,-1.049179792,-0.492362529,1.296049833,0.251288563,-0.914145410,0.323943436,-0.015368138,-0.100000001,0.293624401,-0.335043341,-0.802474856,0.986348093,1.135453701,-1.476423621,0.388892561,0.009623069,-0.000000000,-0.000000000,-0.000000000,-0.000000000,0.000000000,0.000000000,0.000000000,0.000000000,0.000000000
0.178959399,0.050000001,0.112161614,0.050485019,-0.024750164,-0.012768908,0.003714716,0.001780369,-0.000677604,0.000054944,0.099999994,0.269205481,0.097810388,-0.036289591,-0.017043706,0.004136572,0.003536602,-0.001591688,0.000235898,-0.000000000,-0.000000000,-0.000000000,-0.000000000,0.000000000,0.000000000,0.000000000,0.000000000,0.000000000
0.284813166,0.180000007,0.179453388,-0.124660946,-0.095578045,0.081091247,0.016283752,-0.011696388,-0.009670076,0.004777062,0.419999987,0.509964049,-0.115817837,-0.140543923,0.112217508,0.007365941,0.006558630,-0.031909894,0.012165556,-0.000000000,-0.000000000,-0.000000000,0.000000000,0.000000000,0.000000000,0.000000000,0.000000000,0.000000000
0.639477074,0.219999999,-0.113320626,-0.034127291,0.982001245,-0.431874871,-3.443745136,5.994114876,-3.841492891,0.888444662,0.779999971,0.574118018,-0.108777627,0.878134608,-0.453135878,-6.967378139,13.374791145,-9.231737137,2.253985167,-0.000000000,-0.000000000,-0.000000000,0.000000000,0.000000000,0.000000000,0.000000000,0.000000000,0.000000000
