duration,x^0,x^1,x^2,x^3,x^4,x^5,x^6,x^7,y^0,y^1,y^2,y^3,y^4,y^5,y^6,y^7,z^0,z^1,z^2,z^3,z^4,z^5,z^6,z^7,yaw^0,yaw^1,yaw^2,yaw^3,yaw^4,yaw^5,yaw^6,yaw^7,
0.341641,-0.900009,-0.000002,-0.000040,-0.000007,101.873299,-190.946396,-251.636795,554.083618,-0.200000,0.000001,0.000001,0.000000,-8.127988,37.843124,-41.308205,0.517807,-0.000000,-0.000000,-0.000000,0.000000,0.000000,0.000000,0.000000,0.000000,-0.000000,-0.000000,-0.000000,0.000000,0.000000,0.000000,0.000000,0.000000,
0.310898,-0.499996,2.382710,-2.064321,-20.144266,17.401806,232.883514,-614.378235,462.564148,-0.200000,0.133498,1.007502,0.365492,-7.833647,-12.102587,94.267120,-94.944122,-0.000000,-0.000000,-0.000000,-0.000000,0.000000,0.000000,0.000000,0.000000,-0.000000,-0.000000,-0.000000,-0.000000,0.000000,0.000000,0.000000,0.000000,
0.241577,-0.150002,0.445128,1.338444,8.603148,-34.455486,-18.590021,164.379562,-145.128952,-0.100000,0.401659,0.587720,4.535266,10.774543,-24.253021,-99.753914,162.804626,-0.000000,-0.000000,-0.000000,-0.000000,0.000000,0.000000,0.000000,0.000000,-0.000000,-0.000000,-0.000000,-0.000000,0.000000,0.000000,0.000000,0.000000,
0.295005,0.050002,0.947943,-1.222164,-6.491065,14.330624,33.625767,-117.968170,89.748329,0.100000,1.408307,1.944870,-7.927471,-26.876032,38.597992,141.130722,-189.760910,-0.000000,-0.000000,-0.000000,-0.000000,0.000000,0.000000,0.000000,0.000000,-0.000000,-0.000000,-0.000000,-0.000000,0.000000,0.000000,0.000000,0.000000,
0.309369,0.180000,0.109762,-0.042016,2.900149,-9.065606,-14.086534,75.177788,-69.140945,0.420000,0.204172,-2.065478,16.113453,29.719137,14.557883,-564.467896,732.961609,-0.000000,-0.000000,-0.000000,0.000000,0.000000,0.000000,0.000000,0.000000,-0.000000,-0.000000,-0.000000,0.000000,0.000000,0.000000,0.000000,0.000000,
0.273313,0.219989,0.051492,-0.512311,0.551856,10.243179,-43.928619,58.737823,-14.950520,0.780000,2.639770,0.326169,-32.455059,-147.468384,1375.934692,-3091.168457,2191.807129,-0.000000,-0.000000,-0.000000,0.000000,0.000000,0.000000,0.000000,0.000000,-0.000000,-0.000000,-0.000000,0.000000,0.000000,0.000000,0.000000,0.000000,
