duration,cx0,cx1,cx2,cx3,cx4,cx5,cx6,cx7,cx8,cy0,cy1,cy2,cy3,cy4,cy5,cy6,cy7,cy8,cz0,cz1,cz2,cz3,cz4,cz5,cz6,cz7,cz8
0.495045751,-0.899999976,-0.000000001,0.000000000,0.000000000,0.000000000,2.931025743,-4.762012482,2.861207008,-0.630220413,-0.200000003,0.000000000,0.000000000,0.000000000,0.000000000,-1.797070384,4.214821815,-3.268048048,0.850296617,-0.000000000,-0.000000000,-0.000000000,0.000000000,0.000000000,0.000000000,0.000000000,0.000000000,0.000000000
0.165622935,-0.500000000,0.357893199,0.035733584,-0.040446922,-0.009374408,0.010874670,-0.008336921,0.004729299,-0.001072483,-0.200000003,0.076820329,0.048233151,-0.016452320,-0.007817137,-0.009084831,0.013978187,-0.007127945,0.001450566,-0.000000000,-0.000000000,-0.000000000,-0.000000000,0.000000000,0.000000000,0.000000000,0.000000000,0.000000000
0.612731159,-0.150000006,1.107643127,-1.216405869,-1.542832136,1.947590232,1.560481071,-2.346706629,0.699079037,-0.008848979,-0.100000001,0.343374223,-0.523833215,-1.379889011,1.590966225,2.354974270,-3.044334173,0.843123436,0.015618472,-0.000000000,-0.000000000,-0.000000000,-0.000000000,0.000000000,0.000000000,0.000000000,0.000000000,0.000000000
0.172331318,0.049999993,0.107332081,0.053610750,-0.024685187,-0.010025618,0.002886665,0.001382127,-0.000564515,0.000063705,0.100000001,0.296883732,0.071977720,-0.043805800,-0.010615670,0.003996755,0.002809920,-0.001532025,0.000285340,-0.000000000,-0.000000000,-0.000000000,-0.000000000,0.000000000,0.000000000,0.000000000,0.000000000,0.000000000
0.352106512,0.180000007,0.244528845,-0.171457052,-0.208711073,0.171505272,0.060507078,-0.053451240,-0.013059488,0.010137654,0.419999987,0.603480041,-0.272188395,-0.236648723,0.311429709,0.001552002,0.006617667,-0.092711240,0.038468927,-0.000000000,-0.000000000,-0.000000000,0.000000000,0.000000000,0.000000000,0.000000000,0.000000000,0.000000000
0.563546181,0.219999984,-0.107208878,0.113603294,0.508307993,-0.493276864,-1.629726529,3.313098192,-2.236606836,0.531809688,0.779999971,0.481933683,0.336651564,0.271859348,-0.876745462,-4.892319202,11.008457184,-8.025716782,2.015879393,-0.000000000,-0.000000000,-0.000000000,0.000000000,0.000000000,0.000000000,0.000000000,0.000000000,0.000000000
