duration,x^0,x^1,x^2,x^3,x^4,x^5,x^6,x^7,y^0,y^1,y^2,y^3,y^4,y^5,y^6,y^7,z^0,z^1,z^2,z^3,z^4,z^5,z^6,z^7,yaw^0,yaw^1,yaw^2,yaw^3,yaw^4,yaw^5,yaw^6,yaw^7,
0.421053,-0.900000,0.000000,0.000000,0.000000,44.153179,-67.136139,-71.846893,128.322205,-0.200000,-0.000000,0.000000,-0.000000,-3.523096,13.309773,-11.789167,0.120879,-0.000000,-0.000000,-0.000000,0.000000,0.000000,0.000000,0.000000,0.000000,-0.000000,-0.000000,-0.000000,0.000000,0.000000,0.000000,0.000000,0.000000,
0.383164,-0.500000,1.933365,-1.359074,-10.760755,7.543157,81.900543,-175.314987,107.099281,-0.200000,0.108319,0.663300,0.195243,-3.395389,-4.256711,26.901230,-21.984209,-0.000000,-0.000000,-0.000000,-0.000000,0.000000,0.000000,0.000000,0.000000,-0.000000,-0.000000,-0.000000,-0.000000,0.000000,0.000000,0.000000,0.000000,
0.297729,-0.150000,0.361278,0.881070,4.595183,-14.934586,-6.538180,46.915485,-33.613518,-0.100000,0.325902,0.386937,2.422705,4.670191,-8.530010,-28.465219,37.695225,-0.000000,-0.000000,-0.000000,-0.000000,0.000000,0.000000,0.000000,0.000000,-0.000000,-0.000000,-0.000000,-0.000000,0.000000,0.000000,0.000000,0.000000,
0.363577,0.050000,0.769104,-0.804823,-3.466620,6.213252,11.822849,-33.668201,20.785725,0.100000,1.142697,1.280428,-4.234810,-11.649318,13.575396,40.272114,-43.936718,-0.000000,-0.000000,-0.000000,-0.000000,0.000000,0.000000,0.000000,0.000000,-0.000000,-0.000000,-0.000000,-0.000000,0.000000,0.000000,0.000000,0.000000,
0.381279,0.180000,0.089229,-0.027489,1.547611,-3.931511,-4.955009,21.480431,-16.038130,0.420000,0.165662,-1.359823,8.607738,12.881395,5.120890,-161.081406,169.714554,-0.000000,-0.000000,-0.000000,0.000000,0.000000,0.000000,0.000000,0.000000,-0.000000,-0.000000,-0.000000,0.000000,0.000000,0.000000,0.000000,0.000000,
0.336842,0.220000,0.041567,-0.337427,0.297816,4.450862,-15.532713,16.913681,-3.549583,0.780000,2.141903,0.214734,-17.337349,-63.912239,483.853485,-881.964661,507.371948,-0.000000,-0.000000,-0.000000,0.000000,0.000000,0.000000,0.000000,0.000000,-0.000000,-0.000000,-0.000000,0.000000,0.000000,0.000000,0.000000,0.000000,
