duration,x^0,x^1,x^2,x^3,x^4,x^5,x^6,x^7,y^0,y^1,y^2,y^3,y^4,y^5,y^6,y^7,z^0,z^1,z^2,z^3,z^4,z^5,z^6,z^7,yaw^0,yaw^1,yaw^2,yaw^3,yaw^4,yaw^5,yaw^6,yaw^7,
0.302667,-0.900008,-0.000043,0.000012,-0.000011,165.379349,-349.910828,-520.406250,1293.544922,-0.200002,-0.000024,-0.000019,-0.000006,-13.191021,69.322784,-85.403839,1.193651,-0.000000,-0.000000,-0.000000,0.000000,0.000000,0.000000,0.000000,0.000000,-0.000000,-0.000000,-0.000000,0.000000,0.000000,0.000000,0.000000,0.000000,
0.275431,-0.499997,2.689499,-2.630047,-28.970110,28.253469,426.714630,-1270.690918,1079.881714,-0.199997,0.150597,1.283555,0.526347,-12.712467,-22.170675,194.922745,-221.606339,-0.000000,-0.000000,-0.000000,-0.000000,0.000000,0.000000,0.000000,0.000000,-0.000000,-0.000000,-0.000000,-0.000000,0.000000,0.000000,0.000000,0.000000,
0.214018,-0.150010,0.502585,1.705886,12.372295,-55.939648,-34.064121,339.994812,-338.806671,-0.100004,0.453424,0.749515,6.520189,17.482107,-44.435875,-206.291382,380.055298,-0.000000,-0.000000,-0.000000,-0.000000,0.000000,0.000000,0.000000,0.000000,-0.000000,-0.000000,-0.000000,-0.000000,0.000000,0.000000,0.000000,0.000000,
0.261352,0.050002,1.070262,-1.557445,-9.339336,23.264217,61.629532,-243.986374,209.490189,0.100007,1.589827,2.477726,-11.403632,-43.623386,70.736572,291.864227,-442.994049,-0.000000,-0.000000,-0.000000,-0.000000,0.000000,0.000000,0.000000,0.000000,-0.000000,-0.000000,-0.000000,-0.000000,0.000000,0.000000,0.000000,0.000000,
0.274077,0.179999,0.123766,-0.054117,4.175298,-14.711875,-25.813963,155.353180,-161.203400,0.419996,0.230459,-2.631641,23.174973,48.241936,26.678776,-1167.528564,1711.256226,-0.000000,-0.000000,-0.000000,0.000000,0.000000,0.000000,0.000000,0.000000,-0.000000,-0.000000,-0.000000,0.000000,0.000000,0.000000,0.000000,0.000000,
0.242134,0.219984,0.058360,-0.652652,0.787224,16.596687,-80.153038,120.618477,-34.204807,0.780000,2.979712,0.415434,-46.676449,-239.371857,2521.031006,-6392.749023,5116.104004,-0.000000,-0.000000,-0.000000,0.000000,0.000000,0.000000,0.000000,0.000000,-0.000000,-0.000000,-0.000000,0.000000,0.000000,0.000000,0.000000,0.000000,
