duration,x^0,x^1,x^2,x^3,x^4,x^5,x^6,x^7,y^0,y^1,y^2,y^3,y^4,y^5,y^6,y^7,z^0,z^1,z^2,z^3,z^4,z^5,z^6,z^7,yaw^0,yaw^1,yaw^2,yaw^3,yaw^4,yaw^5,yaw^6,yaw^7,
0.239148,0.000000,1.349357,-0.000009,-3.483389,-0.000384,2.713171,-0.017624,-0.942868,-0.000000,-0.000000,-0.000000,-0.000000,0.000000,0.000000,0.000000,0.000000,-0.500000,0.000000,5.692938,-0.000031,-29.413380,0.000038,149.823898,-165.620911,-0.000000,-0.000000,-0.000000,-0.000000,0.000000,0.000000,0.000000,0.000000,
0.320377,0.277128,0.794722,-2.144531,-2.044749,2.777068,1.550427,-1.612208,-0.001204,-0.000000,-0.000000,-0.000000,-0.000000,0.000000,0.000000,0.000000,0.000000,-0.250000,1.600048,0.230165,-6.112366,19.835075,16.063892,-127.437447,113.648369,-0.000000,-0.000000,-0.000000,-0.000000,0.000000,0.000000,0.000000,0.000000,
0.239148,0.277128,-0.794723,-2.144546,2.044767,2.777270,-1.551188,-1.613087,0.963353,-0.000000,-0.000000,-0.000000,-0.000000,0.000000,0.000000,0.000000,0.000000,0.250000,1.600048,-0.230166,-6.112474,-19.835375,16.067545,127.424400,-165.607925,-0.000000,-0.000000,-0.000000,-0.000000,0.000000,0.000000,0.000000,0.000000,
0.239148,-0.000000,-1.349358,0.000011,3.483395,0.000177,-2.711312,0.010813,0.951028,-0.000000,-0.000000,-0.000000,-0.000000,0.000000,0.000000,0.000000,0.000000,0.500000,-0.000000,-5.692937,0.000030,29.413671,-0.003810,-149.813156,165.606842,-0.000000,-0.000000,-0.000000,-0.000000,0.000000,0.000000,0.000000,0.000000,
0.320377,-0.277128,-0.794722,2.144535,2.044737,-2.777047,-1.550611,1.612785,0.000774,-0.000000,-0.000000,-0.000000,-0.000000,0.000000,0.000000,0.000000,0.000000,0.250000,-1.600048,-0.230166,6.112364,-19.835268,-16.063354,127.437004,-113.646751,-0.000000,-0.000000,-0.000000,-0.000000,0.000000,0.000000,0.000000,0.000000,
0.239148,-0.277128,0.794724,2.144543,-2.044761,-2.777056,1.549019,1.620897,-0.973264,-0.000000,-0.000000,-0.000000,-0.000000,0.000000,0.000000,0.000000,0.000000,-0.250000,-1.600048,0.230168,6.112480,19.834227,-16.055912,-127.466064,165.657425,-0.000000,-0.000000,-0.000000,-0.000000,0.000000,0.000000,0.000000,0.000000,
