duration,cx0,cx1,cx2,cx3,cx4,cx5,cx6,cx7,cx8,cy0,cy1,cy2,cy3,cy4,cy5,cy6,cy7,cy8,cz0,cz1,cz2,cz3,cz4,cz5,cz6,cz7,cz8
0.446761549,-0.000000000,0.322696269,-0.000000057,-0.047643572,0.000000018,0.002118666,-0.000000117,-0.000043050,-0.000000016,-0.000000000,-0.000000000,-0.000000000,-0.000000000,0.000000000,0.000000000,0.000000000,0.000000000,0.000000000,-0.500000000,0.000000025,0.325589865,-0.000000410,-0.096209444,0.000004288,0.028022377,-0.007405824,-0.000000881
0.598508418,0.277128130,0.254611224,-0.220118910,-0.067239784,0.029257856,0.005234345,-0.001744736,-0.000000019,0.000000003,-0.000000000,-0.000000000,-0.000000000,-0.000000000,0.000000000,0.000000000,0.000000000,0.000000000,0.000000000,-0.249999985,0.512619019,0.023624521,-0.200999230,0.208979309,0.054178532,-0.137742504,0.039329462,0.000010943
0.446761549,0.277128130,-0.190056697,-0.122650295,0.027966848,0.009083810,-0.001213141,-0.000301754,0.000043058,0.000000017,-0.000000000,-0.000000000,-0.000000000,-0.000000000,0.000000000,0.000000000,0.000000000,0.000000000,0.000000000,0.250000030,0.382648647,-0.013163597,-0.083602406,-0.064878792,0.012567834,0.023835320,-0.007406021,-0.000001000
0.446761578,-0.000000028,-0.322696209,0.000000064,0.047643557,-0.000000020,-0.002118663,0.000000117,0.000043050,0.000000016,-0.000000000,-0.000000000,-0.000000000,-0.000000000,0.000000000,0.000000000,0.000000000,0.000000000,0.000000000,0.500000000,-0.000000013,-0.325589925,0.000000412,0.096209466,-0.000004311,-0.028022358,0.007405813,0.000000883
0.598508537,-0.277128130,-0.254611254,0.220118940,0.067239828,-0.029257845,-0.005234353,0.001744730,0.000000021,-0.000000003,-0.000000000,-0.000000000,-0.000000000,-0.000000000,0.000000000,0.000000000,0.000000000,0.000000000,0.000000000,0.249999955,-0.512619138,-0.023624539,0.200999364,-0.208979413,-0.054178584,0.137742639,-0.039329510,-0.000010942
0.446761400,-0.277128071,0.190056711,0.122650221,-0.027966822,-0.009083807,0.001213138,0.000301755,-0.000043058,-0.000000017,-0.000000000,-0.000000000,-0.000000000,-0.000000000,0.000000000,0.000000000,0.000000000,0.000000000,0.000000000,-0.250000179,-0.382648468,0.013163689,0.083602384,0.064878680,-0.012567830,-0.023835283,0.007406017,0.000000997
