duration,x^0,x^1,x^2,x^3,x^4,x^5,x^6,x^7,y^0,y^1,y^2,y^3,y^4,y^5,y^6,y^7,z^0,z^1,z^2,z^3,z^4,z^5,z^6,z^7,yaw^0,yaw^1,yaw^2,yaw^3,yaw^4,yaw^5,yaw^6,yaw^7,
0.416150,-0.000000,0.775433,-0.000000,-0.661082,-0.000039,0.169976,-0.000463,-0.019633,-0.000000,-0.000000,-0.000000,-0.000000,0.000000,0.000000,0.000000,0.000000,-0.500000,0.000000,1.880060,-0.000006,-3.207854,-0.000026,5.396346,-3.428075,-0.000000,-0.000000,-0.000000,-0.000000,0.000000,0.000000,0.000000,0.000000,
0.557499,0.277128,0.456703,-0.708222,-0.388056,0.302891,0.097125,-0.058007,-0.000052,-0.000000,-0.000000,-0.000000,-0.000000,0.000000,0.000000,0.000000,0.000000,-0.250000,0.919498,0.076011,-1.160011,2.163224,1.006877,-4.590021,2.352351,-0.000000,-0.000000,-0.000000,-0.000000,0.000000,0.000000,0.000000,0.000000,
0.416150,0.277128,-0.456703,-0.708222,0.388056,0.302904,-0.097347,-0.057780,0.019719,-0.000000,-0.000000,-0.000000,-0.000000,0.000000,0.000000,0.000000,0.000000,0.250000,0.919498,-0.076011,-1.160032,-2.163226,1.006785,4.589942,-3.428051,-0.000000,-0.000000,-0.000000,-0.000000,0.000000,0.000000,0.000000,0.000000,
0.416150,-0.000000,-0.775433,0.000000,0.661082,-0.000029,-0.169588,-0.000316,0.020168,-0.000000,-0.000000,-0.000000,-0.000000,0.000000,0.000000,0.000000,0.000000,0.500000,-0.000000,-1.880060,0.000006,3.207872,-0.000086,-5.396075,3.427857,-0.000000,-0.000000,-0.000000,-0.000000,0.000000,0.000000,0.000000,0.000000,
0.557499,-0.277128,-0.456703,0.708222,0.388056,-0.302871,-0.097217,0.058141,-0.000020,-0.000000,-0.000000,-0.000000,-0.000000,0.000000,0.000000,0.000000,0.000000,0.250000,-0.919498,-0.076011,1.160011,-2.163255,-1.006752,4.589888,-2.352229,-0.000000,-0.000000,-0.000000,-0.000000,0.000000,0.000000,0.000000,0.000000,
0.416150,-0.277128,0.456703,0.708222,-0.388056,-0.302867,0.097118,0.058274,-0.020064,-0.000000,-0.000000,-0.000000,-0.000000,0.000000,0.000000,0.000000,0.000000,-0.250000,-0.919497,0.076012,1.160033,2.163215,-1.006693,-4.590048,3.428124,-0.000000,-0.000000,-0.000000,-0.000000,0.000000,0.000000,0.000000,0.000000,
