duration,cx0,cx1,cx2,cx3,cx4,cx5,cx6,cx7,cx8,cy0,cy1,cy2,cy3,cy4,cy5,cy6,cy7,cy8,cz0,cz1,cz2,cz3,cz4,cz5,cz6,cz7,cz8
0.239148259,0.000000008,0.322696328,-0.000000507,-0.047643501,0.000000280,0.002118655,-0.000000210,-0.000043023,-0.000000016,-0.000000000,-0.000000000,-0.000000000,-0.000000000,0.000000000,0.000000000,0.000000000,0.000000000,0.000000000,-0.500000000,0.000000017,0.325589895,-0.000000430,-0.096209437,0.000004297,0.028022368,-0.007405818,-0.000000882
0.320377260,0.277128041,0.254610956,-0.220118105,-0.067239590,0.029256938,0.005234238,-0.001744217,-0.000000173,0.000000004,-0.000000000,-0.000000000,-0.000000000,-0.000000000,0.000000000,0.000000000,0.000000000,0.000000000,0.000000000,-0.249999985,0.512619019,0.023624523,-0.200999215,0.208979264,0.054178502,-0.137742460,0.039329447,0.000010944
0.239148259,0.277128190,-0.190056518,-0.122650653,0.027966982,0.009084119,-0.001213185,-0.000301850,0.000043087,0.000000017,-0.000000000,-0.000000000,-0.000000000,-0.000000000,0.000000000,0.000000000,0.000000000,0.000000000,0.000000000,0.250000030,0.382648647,-0.013163601,-0.083602384,-0.064878784,0.012567819,0.023835335,-0.007406033,-0.000000997
0.239148274,-0.000000024,-0.322696567,0.000000606,0.047643594,-0.000000351,-0.002118676,0.000000222,0.000043022,0.000000016,-0.000000000,-0.000000000,-0.000000000,-0.000000000,0.000000000,0.000000000,0.000000000,0.000000000,0.000000000,0.500000000,-0.000000013,-0.325589895,0.000000412,0.096209452,-0.000004295,-0.028022371,0.007405820,0.000000882
0.320377320,-0.277128100,-0.254610896,0.220118508,0.067239232,-0.029257067,-0.005234129,0.001744242,0.000000156,-0.000000003,-0.000000000,-0.000000000,-0.000000000,-0.000000000,0.000000000,0.000000000,0.000000000,0.000000000,0.000000000,0.249999955,-0.512619138,-0.023624580,0.200999290,-0.208979353,-0.054178536,0.137742564,-0.039329480,-0.000010946
0.239148185,-0.277128100,0.190056920,0.122650392,-0.027966874,-0.009084024,0.001213170,0.000301834,-0.000043082,-0.000000017,-0.000000000,-0.000000000,-0.000000000,-0.000000000,0.000000000,0.000000000,0.000000000,0.000000000,0.000000000,-0.250000179,-0.382648498,0.013163711,0.083602399,0.064878680,-0.012567835,-0.023835277,0.007406014,0.000000998
