duration,x^0,x^1,x^2,x^3,x^4,x^5,x^6,x^7,y^0,y^1,y^2,y^3,y^4,y^5,y^6,y^7,z^0,z^1,z^2,z^3,z^4,z^5,z^6,z^7,yaw^0,yaw^1,yaw^2,yaw^3,yaw^4,yaw^5,yaw^6,yaw^7,
0.458711,0.000000,0.946767,-0.000000,-0.769557,-0.000009,0.187276,-0.000094,-0.020101,-0.000000,-0.000000,-0.000000,-0.000000,0.000000,0.000000,0.000000,0.000000,-0.480000,0.000000,1.352007,-0.000002,-1.229719,-0.000084,1.460906,-0.853142,-0.000000,-0.000000,-0.000000,-0.000000,0.000000,0.000000,0.000000,0.000000,
0.505263,0.363731,0.501118,-0.886903,-0.406853,0.361297,0.098128,-0.064714,-0.000011,-0.000000,-0.000000,-0.000000,-0.000000,0.000000,0.000000,0.000000,0.000000,-0.240000,0.887955,0.405769,-0.758428,0.498943,0.251002,-1.278519,0.722963,-0.000000,-0.000000,-0.000000,-0.000000,0.000000,0.000000,0.000000,0.000000,
0.458711,0.363731,-0.501118,-0.886903,0.406853,0.361298,-0.098151,-0.064720,0.020156,-0.000000,-0.000000,-0.000000,-0.000000,0.000000,0.000000,0.000000,0.000000,0.240000,0.887955,-0.405770,-0.758434,-0.498959,0.250951,1.278375,-0.853024,-0.000000,-0.000000,-0.000000,-0.000000,0.000000,0.000000,0.000000,0.000000,
0.458711,-0.000000,-0.946767,0.000000,0.769557,0.000008,-0.187274,0.000102,0.020097,-0.000000,-0.000000,-0.000000,-0.000000,0.000000,0.000000,0.000000,0.000000,0.480000,-0.000000,-1.352007,0.000002,1.229742,-0.000037,-1.460670,0.852989,-0.000000,-0.000000,-0.000000,-0.000000,0.000000,0.000000,0.000000,0.000000,
0.505263,-0.363731,-0.501118,0.886903,0.406853,-0.361296,-0.098131,0.064736,-0.000004,-0.000000,-0.000000,-0.000000,-0.000000,0.000000,0.000000,0.000000,0.000000,0.240000,-0.887955,-0.405769,0.758429,-0.498965,-0.250892,1.278337,-0.722858,-0.000000,-0.000000,-0.000000,-0.000000,0.000000,0.000000,0.000000,0.000000,
0.458711,-0.363731,0.501118,0.886903,-0.406853,-0.361281,0.098042,0.064914,-0.020273,-0.000000,-0.000000,-0.000000,-0.000000,0.000000,0.000000,0.000000,0.000000,-0.240000,-0.887955,0.405770,0.758434,0.498937,-0.250838,-1.278572,0.853152,-0.000000,-0.000000,-0.000000,-0.000000,0.000000,0.000000,0.000000,0.000000,
