duration,x^0,x^1,x^2,x^3,x^4,x^5,x^6,x^7,y^0,y^1,y^2,y^3,y^4,y^5,y^6,y^7,z^0,z^1,z^2,z^3,z^4,z^5,z^6,z^7,yaw^0,yaw^1,yaw^2,yaw^3,yaw^4,yaw^5,yaw^6,yaw^7,
0.383058,0.000000,0.842422,-0.000000,-0.847640,-0.000007,0.256932,-0.000126,-0.035536,-0.000000,-0.000000,-0.000000,-0.000000,0.000000,0.000000,0.000000,0.000000,-0.500000,0.000000,2.218924,-0.000007,-4.468392,-0.000285,8.872440,-6.123091,-0.000000,-0.000000,-0.000000,-0.000000,0.000000,0.000000,0.000000,0.000000,
0.513167,0.277128,0.496157,-0.835872,-0.497565,0.421912,0.147020,-0.095418,-0.000054,-0.000000,-0.000000,-0.000000,-0.000000,0.000000,0.000000,0.000000,0.000000,-0.250000,0.998932,0.089711,-1.487367,3.013310,1.523684,-7.546086,4.201372,-0.000000,-0.000000,-0.000000,-0.000000,0.000000,0.000000,0.000000,0.000000,
0.383058,0.277128,-0.496157,-0.835873,0.497566,0.421921,-0.147230,-0.095236,0.035391,-0.000000,-0.000000,-0.000000,-0.000000,0.000000,0.000000,0.000000,0.000000,0.250000,0.998932,-0.089711,-1.487394,-3.013243,1.523132,7.547040,-6.123423,-0.000000,-0.000000,-0.000000,-0.000000,0.000000,0.000000,0.000000,0.000000,
0.383058,-0.000000,-0.842422,0.000000,0.847640,0.000095,-0.257505,0.001394,0.034582,-0.000000,-0.000000,-0.000000,-0.000000,0.000000,0.000000,0.000000,0.000000,0.500000,-0.000000,-2.218924,0.000007,4.468463,-0.000177,-8.871379,6.122398,-0.000000,-0.000000,-0.000000,-0.000000,0.000000,0.000000,0.000000,0.000000,
0.513167,-0.277128,-0.496157,0.835872,0.497565,-0.421869,-0.147228,0.095770,-0.000119,-0.000000,-0.000000,-0.000000,-0.000000,0.000000,0.000000,0.000000,0.000000,0.250000,-0.998932,-0.089711,1.487367,-3.013341,-1.523572,7.545966,-4.201269,-0.000000,-0.000000,-0.000000,-0.000000,0.000000,0.000000,0.000000,0.000000,
0.383058,-0.277128,0.496157,0.835873,-0.497566,-0.421924,0.147251,0.095162,-0.035354,-0.000000,-0.000000,-0.000000,-0.000000,0.000000,0.000000,0.000000,0.000000,-0.250000,-0.998932,0.089712,1.487395,3.013289,-1.523467,-7.546262,6.122926,-0.000000,-0.000000,-0.000000,-0.000000,0.000000,0.000000,0.000000,0.000000,
