duration,x^0,x^1,x^2,x^3,x^4,x^5,x^6,x^7,y^0,y^1,y^2,y^3,y^4,y^5,y^6,y^7,z^0,z^1,z^2,z^3,z^4,z^5,z^6,z^7,yaw^0,yaw^1,yaw^2,yaw^3,yaw^4,yaw^5,yaw^6,yaw^7,
0.403812,0.000000,0.799124,-0.000000,-0.723546,-0.000048,0.197603,-0.000608,-0.024196,-0.000000,-0.000000,-0.000000,-0.000000,0.000000,0.000000,0.000000,0.000000,-0.500000,0.000000,1.996696,-0.000006,-3.618208,-0.000111,6.464375,-4.232008,-0.000000,-0.000000,-0.000000,-0.000000,0.000000,0.000000,0.000000,0.000000,
0.540971,0.277128,0.470656,-0.752159,-0.424722,0.341606,0.113055,-0.069713,0.000053,-0.000000,-0.000000,-0.000000,-0.000000,0.000000,0.000000,0.000000,0.000000,-0.250000,0.947591,0.080726,-1.269616,2.439991,1.170205,-5.498120,2.903793,-0.000000,-0.000000,-0.000000,-0.000000,0.000000,0.000000,0.000000,0.000000,
0.403812,0.277128,-0.470656,-0.752159,0.424722,0.341623,-0.112966,-0.069642,0.024650,-0.000000,-0.000000,-0.000000,-0.000000,0.000000,0.000000,0.000000,0.000000,0.250000,0.947591,-0.080727,-1.269639,-2.439944,1.170199,5.498425,-4.231983,-0.000000,-0.000000,-0.000000,-0.000000,0.000000,0.000000,0.000000,0.000000,
0.403812,-0.000000,-0.799124,0.000000,0.723545,0.000011,-0.197384,0.000149,0.024523,-0.000000,-0.000000,-0.000000,-0.000000,0.000000,0.000000,0.000000,0.000000,0.500000,-0.000000,-1.996696,0.000006,3.618240,-0.000180,-6.463981,4.231636,-0.000000,-0.000000,-0.000000,-0.000000,0.000000,0.000000,0.000000,0.000000,
0.540971,-0.277128,-0.470656,0.752159,0.424722,-0.341604,-0.113066,0.069761,-0.000077,-0.000000,-0.000000,-0.000000,-0.000000,0.000000,0.000000,0.000000,0.000000,0.250000,-0.947591,-0.080726,1.269616,-2.439971,-1.170344,5.498410,-2.903955,-0.000000,-0.000000,-0.000000,-0.000000,0.000000,0.000000,0.000000,0.000000,
0.403812,-0.277128,0.470656,0.752159,-0.424722,-0.341632,0.113021,0.069520,-0.024566,-0.000000,-0.000000,-0.000000,-0.000000,0.000000,0.000000,0.000000,0.000000,-0.250000,-0.947590,0.080727,1.269640,2.439930,-1.170061,-5.498696,4.232221,-0.000000,-0.000000,-0.000000,-0.000000,0.000000,0.000000,0.000000,0.000000,
