duration,x^0,x^1,x^2,x^3,x^4,x^5,x^6,x^7,y^0,y^1,y^2,y^3,y^4,y^5,y^6,y^7,z^0,z^1,z^2,z^3,z^4,z^5,z^6,z^7,yaw^0,yaw^1,yaw^2,yaw^3,yaw^4,yaw^5,yaw^6,yaw^7,
0.345280,-0.000000,0.934594,-0.000000,-1.157421,-0.000050,0.432055,-0.000807,-0.073057,-0.000000,-0.000000,-0.000000,-0.000000,0.000000,0.000000,0.000000,0.000000,-0.500000,0.000000,2.731046,-0.000010,-6.769089,0.000225,16.541101,-12.664268,-0.000000,-0.000000,-0.000000,-0.000000,0.000000,0.000000,0.000000,0.000000,
0.462557,0.277128,0.550443,-1.028790,-0.679407,0.639136,0.247109,-0.178010,-0.000082,-0.000000,-0.000000,-0.000000,-0.000000,0.000000,0.000000,0.000000,0.000000,-0.250000,1.108228,0.110416,-2.030945,4.564747,2.560764,-14.069708,8.690606,-0.000000,-0.000000,-0.000000,-0.000000,0.000000,0.000000,0.000000,0.000000,
0.345280,0.277128,-0.550443,-1.028790,0.679408,0.639220,-0.247922,-0.176299,0.072133,-0.000000,-0.000000,-0.000000,-0.000000,0.000000,0.000000,0.000000,0.000000,0.250000,1.108228,-0.110416,-2.030982,-4.564864,2.561345,14.067479,-12.663046,-0.000000,-0.000000,-0.000000,-0.000000,0.000000,0.000000,0.000000,0.000000,
0.345280,-0.000000,-0.934594,0.000001,1.157421,0.000015,-0.431832,0.000266,0.073474,-0.000000,-0.000000,-0.000000,-0.000000,0.000000,0.000000,0.000000,0.000000,0.500000,-0.000000,-2.731046,0.000010,6.769057,0.000018,-16.541233,12.664591,-0.000000,-0.000000,-0.000000,-0.000000,0.000000,0.000000,0.000000,0.000000,
0.462557,-0.277128,-0.550443,1.028789,0.679407,-0.639101,-0.247270,0.178311,-0.000095,-0.000000,-0.000000,-0.000000,-0.000000,0.000000,0.000000,0.000000,0.000000,0.250000,-1.108229,-0.110416,2.030945,-4.564774,-2.560623,14.069629,-8.690480,-0.000000,-0.000000,-0.000000,-0.000000,0.000000,0.000000,0.000000,0.000000,
0.345280,-0.277128,0.550443,1.028790,-0.679408,-0.639169,0.247562,0.177203,-0.072920,-0.000000,-0.000000,-0.000000,-0.000000,0.000000,0.000000,0.000000,0.000000,-0.250000,-1.108228,0.110417,2.030983,4.564696,-2.560152,-14.070439,12.665655,-0.000000,-0.000000,-0.000000,-0.000000,0.000000,0.000000,0.000000,0.000000,
