duration,x^0,x^1,x^2,x^3,x^4,x^5,x^6,x^7,y^0,y^1,y^2,y^3,y^4,y^5,y^6,y^7,z^0,z^1,z^2,z^3,z^4,z^5,z^6,z^7,yaw^0,yaw^1,yaw^2,yaw^3,yaw^4,yaw^5,yaw^6,yaw^7,
0.329737,-0.000000,1.317086,-0.000000,-2.071829,0.000168,0.974259,0.003049,-0.205948,-0.000000,-0.000000,-0.000000,-0.000000,0.000000,0.000000,0.000000,0.000000,-0.480000,0.000000,2.616502,-0.000006,-4.605667,-0.000195,10.588305,-8.601850,-0.000000,-0.000000,-0.000000,-0.000000,0.000000,0.000000,0.000000,0.000000,
0.363201,0.363731,0.697126,-1.716399,-1.095343,1.353043,0.511940,-0.470811,0.001242,-0.000000,-0.000000,-0.000000,-0.000000,0.000000,0.000000,0.000000,0.000000,-0.240000,1.235271,0.785275,-2.041869,1.868882,1.306370,-9.263752,7.287225,-0.000000,-0.000000,-0.000000,-0.000000,0.000000,0.000000,0.000000,0.000000,
0.329737,0.363731,-0.697126,-1.716399,1.095344,1.353197,-0.511619,-0.468498,0.202573,-0.000000,-0.000000,-0.000000,-0.000000,0.000000,0.000000,0.000000,0.000000,0.240000,1.235271,-0.785275,-2.041885,-1.868522,1.305929,9.269796,-8.604614,-0.000000,-0.000000,-0.000000,-0.000000,0.000000,0.000000,0.000000,0.000000,
0.329737,-0.000000,-1.317086,0.000000,2.071829,0.000118,-0.976375,0.002324,0.201255,-0.000000,-0.000000,-0.000000,-0.000000,0.000000,0.000000,0.000000,0.000000,0.480000,-0.000000,-2.616503,0.000006,4.605762,-0.000401,-10.586688,8.600501,-0.000000,-0.000000,-0.000000,-0.000000,0.000000,0.000000,0.000000,0.000000,
0.363201,-0.363731,-0.697126,1.716399,1.095344,-1.353118,-0.511525,0.469772,-0.000500,-0.000000,-0.000000,-0.000000,-0.000000,0.000000,0.000000,0.000000,0.000000,0.240000,-1.235271,-0.785274,2.041871,-1.868716,-1.307563,9.266402,-7.289360,-0.000000,-0.000000,-0.000000,-0.000000,0.000000,0.000000,0.000000,0.000000,
0.329737,-0.363731,0.697126,1.716399,-1.095345,-1.353100,0.510880,0.470464,-0.204349,-0.000000,-0.000000,-0.000000,-0.000000,0.000000,0.000000,0.000000,0.000000,-0.240000,-1.235271,0.785275,2.041884,1.868724,-1.307387,-9.266114,8.601485,-0.000000,-0.000000,-0.000000,-0.000000,0.000000,0.000000,0.000000,0.000000,
