duration,x^0,x^1,x^2,x^3,x^4,x^5,x^6,x^7,y^0,y^1,y^2,y^3,y^4,y^5,y^6,y^7,z^0,z^1,z^2,z^3,z^4,z^5,z^6,z^7,yaw^0,yaw^1,yaw^2,yaw^3,yaw^4,yaw^5,yaw^6,yaw^7,
0.372196,0.000000,1.166835,-0.000000,-1.440591,0.000090,0.531778,0.001250,-0.088027,-0.000000,-0.000000,-0.000000,-0.000000,0.000000,0.000000,0.000000,0.000000,-0.480000,0.000000,2.053582,-0.000005,-2.837101,-0.000165,5.119238,-3.684445,-0.000000,-0.000000,-0.000000,-0.000000,0.000000,0.000000,0.000000,0.000000,
0.409969,0.363731,0.617599,-1.347129,-0.761617,0.833486,0.279340,-0.227525,0.000471,-0.000000,-0.000000,-0.000000,-0.000000,0.000000,0.000000,0.000000,0.000000,-0.240000,1.094354,0.616329,-1.419758,1.151177,0.713269,-4.479447,3.121745,-0.000000,-0.000000,-0.000000,-0.000000,0.000000,0.000000,0.000000,0.000000,
0.372196,0.363731,-0.617599,-1.347129,0.761618,0.833560,-0.279096,-0.226689,0.086920,-0.000000,-0.000000,-0.000000,-0.000000,0.000000,0.000000,0.000000,0.000000,0.240000,1.094354,-0.616329,-1.419770,-1.151073,0.713064,4.480865,-3.684891,-0.000000,-0.000000,-0.000000,-0.000000,0.000000,0.000000,0.000000,0.000000,
0.372196,-0.000000,-1.166835,0.000000,1.440591,0.000072,-0.532828,0.001087,0.086232,-0.000000,-0.000000,-0.000000,-0.000000,0.000000,0.000000,0.000000,0.000000,0.480000,-0.000000,-2.053583,0.000004,2.837115,0.000021,-5.118944,3.684206,-0.000000,-0.000000,-0.000000,-0.000000,0.000000,0.000000,0.000000,0.000000,
0.409969,-0.363731,-0.617599,1.347129,0.761618,-0.833555,-0.278977,0.226740,0.000115,-0.000000,-0.000000,-0.000000,-0.000000,0.000000,0.000000,0.000000,0.000000,0.240000,-1.094354,-0.616329,1.419760,-1.151125,-0.713608,4.480120,-3.122231,-0.000000,-0.000000,-0.000000,-0.000000,0.000000,0.000000,0.000000,0.000000,
0.372196,-0.363731,0.617600,1.347129,-0.761619,-0.833509,0.278787,0.227407,-0.087493,-0.000000,-0.000000,-0.000000,-0.000000,0.000000,0.000000,0.000000,0.000000,-0.240000,-1.094354,0.616330,1.419769,1.151105,-0.713269,-4.480423,3.684558,-0.000000,-0.000000,-0.000000,-0.000000,0.000000,0.000000,0.000000,0.000000,
