duration,x^0,x^1,x^2,x^3,x^4,x^5,x^6,x^7,y^0,y^1,y^2,y^3,y^4,y^5,y^6,y^7,z^0,z^1,z^2,z^3,z^4,z^5,z^6,z^7,yaw^0,yaw^1,yaw^2,yaw^3,yaw^4,yaw^5,yaw^6,yaw^7,
0.318776,0.000000,1.012299,-0.000000,-1.470782,-0.000077,0.644185,-0.001448,-0.127617,-0.000000,-0.000000,-0.000000,-0.000000,0.000000,0.000000,0.000000,0.000000,-0.500000,0.000000,3.204058,-0.000013,-9.316841,-0.000516,26.711578,-22.152016,-0.000000,-0.000000,-0.000000,-0.000000,0.000000,0.000000,0.000000,0.000000,
0.427051,0.277128,0.596208,-1.206974,-0.863350,0.879670,0.368548,-0.287761,0.000040,-0.000000,-0.000000,-0.000000,-0.000000,0.000000,0.000000,0.000000,0.000000,-0.250000,1.200369,0.129540,-2.580805,6.282922,3.817499,-22.719589,15.199934,-0.000000,-0.000000,-0.000000,-0.000000,0.000000,0.000000,0.000000,0.000000,
0.318776,0.277128,-0.596208,-1.206974,0.863352,0.879728,-0.368875,-0.286704,0.128052,-0.000000,-0.000000,-0.000000,-0.000000,0.000000,0.000000,0.000000,0.000000,0.250000,1.200369,-0.129540,-2.580851,-6.283020,3.818151,22.716877,-22.149076,-0.000000,-0.000000,-0.000000,-0.000000,0.000000,0.000000,0.000000,0.000000,
0.318776,-0.000000,-1.012298,0.000001,1.470782,-0.000032,-0.643430,-0.000408,0.129232,-0.000000,-0.000000,-0.000000,-0.000000,0.000000,0.000000,0.000000,0.000000,0.500000,-0.000000,-3.204058,0.000013,9.316870,0.000263,-26.711227,22.151760,-0.000000,-0.000000,-0.000000,-0.000000,0.000000,0.000000,0.000000,0.000000,
0.427051,-0.277128,-0.596208,1.206973,0.863350,-0.879657,-0.368611,0.287908,-0.000132,-0.000000,-0.000000,-0.000000,-0.000000,0.000000,0.000000,0.000000,0.000000,0.250000,-1.200370,-0.129540,2.580805,-6.282939,-3.817365,22.719175,-15.199888,-0.000000,-0.000000,-0.000000,-0.000000,0.000000,0.000000,0.000000,0.000000,
0.318776,-0.277128,0.596208,1.206974,-0.863351,-0.879689,0.368515,0.287724,-0.128999,-0.000000,-0.000000,-0.000000,-0.000000,0.000000,0.000000,0.000000,0.000000,-0.250000,-1.200369,0.129541,2.580853,6.282667,-3.815576,-22.723593,22.155426,-0.000000,-0.000000,-0.000000,-0.000000,0.000000,0.000000,0.000000,0.000000,
