duration,cx0,cx1,cx2,cx3,cx4,cx5,cx6,cx7,cx8,cy0,cy1,cy2,cy3,cy4,cy5,cy6,cy7,cy8,cz0,cz1,cz2,cz3,cz4,cz5,cz6,cz7,cz8
0.447250932,0.000000000,0.434291989,-0.000000066,-0.074277513,0.000000002,0.003802525,-0.000000224,-0.000086022,-0.000000032,-0.000000000,-0.000000000,-0.000000000,-0.000000000,0.000000000,0.000000000,0.000000000,0.000000000,0.000000000,-0.479999989,0.000000011,0.284483194,-0.000000226,-0.054446679,0.000002496,0.013604661,-0.003642807,-0.000000650
0.492640376,0.363730669,0.253196478,-0.226418138,-0.052479513,0.023546817,0.003231503,-0.001077158,-0.000000007,0.000000003,-0.000000000,-0.000000000,-0.000000000,-0.000000000,0.000000000,0.000000000,0.000000000,0.000000000,0.000000000,-0.239999980,0.448651105,0.103589222,-0.097828984,0.032519910,0.008258128,-0.021262566,0.006071828,0.000001351
0.447250903,0.363730639,-0.229868248,-0.186618075,0.039269365,0.015996292,-0.001993119,-0.000602941,0.000086030,0.000000034,-0.000000000,-0.000000000,-0.000000000,-0.000000000,0.000000000,0.000000000,0.000000000,0.000000000,0.000000000,0.240000024,0.407314599,-0.085380189,-0.073203951,-0.022091588,0.005098523,0.011906081,-0.003642838,-0.000000661
0.447250903,-0.000000037,-0.434291929,0.000000039,0.074277475,0.000000012,-0.003802520,0.000000221,0.000086022,0.000000033,-0.000000000,-0.000000000,-0.000000000,-0.000000000,0.000000000,0.000000000,0.000000000,0.000000000,0.000000000,0.479999989,-0.000000040,-0.284483224,0.000000232,0.054446675,-0.000002500,-0.013604654,0.003642804,0.000000650
0.492640495,-0.363730669,-0.253196567,0.226418242,0.052479595,-0.023546835,-0.003231516,0.001077157,0.000000009,-0.000000003,-0.000000000,-0.000000000,-0.000000000,-0.000000000,0.000000000,0.000000000,0.000000000,0.000000000,0.000000000,0.239999950,-0.448651284,-0.103589267,0.097829103,-0.032519944,-0.008258151,0.021262595,-0.006071837,-0.000001351
0.447250754,-0.363730580,0.229868323,0.186617970,-0.039269358,-0.015996285,0.001993119,0.000602944,-0.000086031,-0.000000034,-0.000000000,-0.000000000,-0.000000000,-0.000000000,0.000000000,0.000000000,0.000000000,0.000000000,0.000000000,-0.240000173,-0.407314360,0.085380226,0.073203862,0.022091541,-0.005098518,-0.011906058,0.003642831,0.000000660
