duration,cx0,cx1,cx2,cx3,cx4,cx5,cx6,cx7,cx8,cy0,cy1,cy2,cy3,cy4,cy5,cy6,cy7,cy8,cz0,cz1,cz2,cz3,cz4,cz5,cz6,cz7,cz8
0.329737067,-0.000000000,0.434291989,-0.000000054,-0.074277505,-0.000000006,0.003802524,-0.000000221,-0.000086023,-0.000000032,-0.000000000,-0.000000000,-0.000000000,-0.000000000,0.000000000,0.000000000,0.000000000,0.000000000,0.000000000,-0.479999989,0.000000026,0.284483194,-0.000000225,-0.054446679,0.000002494,0.013604664,-0.003642809,-0.000000650
0.363200575,0.363730669,0.253196478,-0.226418152,-0.052479520,0.023546826,0.003231507,-0.001077165,-0.000000004,0.000000002,-0.000000000,-0.000000000,-0.000000000,-0.000000000,0.000000000,0.000000000,0.000000000,0.000000000,0.000000000,-0.239999980,0.448651105,0.103589222,-0.097828977,0.032519922,0.008258126,-0.021262571,0.006071829,0.000001352
0.329737037,0.363730639,-0.229868263,-0.186618075,0.039269362,0.015996287,-0.001993120,-0.000602937,0.000086028,0.000000034,-0.000000000,-0.000000000,-0.000000000,-0.000000000,0.000000000,0.000000000,0.000000000,0.000000000,0.000000000,0.240000024,0.407314569,-0.085380174,-0.073203951,-0.022091595,0.005098528,0.011906078,-0.003642836,-0.000000661
0.329737037,-0.000000036,-0.434291929,0.000000033,0.074277475,0.000000019,-0.003802519,0.000000216,0.000086026,0.000000032,-0.000000000,-0.000000000,-0.000000000,-0.000000000,0.000000000,0.000000000,0.000000000,0.000000000,0.000000000,0.479999989,-0.000000040,-0.284483224,0.000000232,0.054446682,-0.000002497,-0.013604661,0.003642810,0.000000649
0.363200665,-0.363730669,-0.253196567,0.226418257,0.052479599,-0.023546848,-0.003231527,0.001077177,-0.000000002,-0.000000001,-0.000000000,-0.000000000,-0.000000000,-0.000000000,0.000000000,0.000000000,0.000000000,0.000000000,0.000000000,0.239999950,-0.448651284,-0.103589252,0.097829118,-0.032519959,-0.008258166,0.021262614,-0.006071843,-0.000001351
0.329736948,-0.363730580,0.229868323,0.186617970,-0.039269362,-0.015996277,0.001993123,0.000602935,-0.000086027,-0.000000035,-0.000000000,-0.000000000,-0.000000000,-0.000000000,0.000000000,0.000000000,0.000000000,0.000000000,0.000000000,-0.240000173,-0.407314360,0.085380219,0.073203862,0.022091553,-0.005098525,-0.011906054,0.003642828,0.000000661
