duration,x^0,x^1,x^2,x^3,x^4,x^5,x^6,x^7,y^0,y^1,y^2,y^3,y^4,y^5,y^6,y^7,z^0,z^1,z^2,z^3,z^4,z^5,z^6,z^7,yaw^0,yaw^1,yaw^2,yaw^3,yaw^4,yaw^5,yaw^6,yaw^7,
0.430273,-0.000000,0.749980,-0.000000,-0.598096,-0.000016,0.143752,-0.000195,-0.015659,-0.000000,-0.000000,-0.000000,-0.000000,0.000000,0.000000,0.000000,0.000000,-0.500000,0.000000,1.758661,-0.000005,-2.806972,0.000044,4.416805,-2.713718,-0.000000,-0.000000,-0.000000,-0.000000,0.000000,0.000000,0.000000,0.000000,
0.576420,0.277128,0.441711,-0.662490,-0.351083,0.264997,0.082380,-0.047744,0.000085,-0.000000,-0.000000,-0.000000,-0.000000,0.000000,0.000000,0.000000,0.000000,-0.250000,0.889315,0.071103,-1.049489,1.892870,0.852167,-3.757077,1.862262,-0.000000,-0.000000,-0.000000,-0.000000,0.000000,0.000000,0.000000,0.000000,
0.430273,0.277128,-0.441712,-0.662491,0.351083,0.265008,-0.082147,-0.047791,0.015943,-0.000000,-0.000000,-0.000000,-0.000000,0.000000,0.000000,0.000000,0.000000,0.250000,0.889315,-0.071103,-1.049507,-1.892846,0.851851,3.757388,-2.714114,-0.000000,-0.000000,-0.000000,-0.000000,0.000000,0.000000,0.000000,0.000000,
0.430273,-0.000000,-0.749980,0.000000,0.598096,-0.000023,-0.143531,-0.000240,0.015956,-0.000000,-0.000000,-0.000000,-0.000000,0.000000,0.000000,0.000000,0.000000,0.500000,-0.000000,-1.758661,0.000005,2.806921,0.000184,-4.417334,2.714028,-0.000000,-0.000000,-0.000000,-0.000000,0.000000,0.000000,0.000000,0.000000,
0.576420,-0.277128,-0.441711,0.662490,0.351083,-0.265012,-0.082310,0.047649,-0.000036,-0.000000,-0.000000,-0.000000,-0.000000,0.000000,0.000000,0.000000,0.000000,0.250000,-0.889315,-0.071103,1.049488,-1.892879,-0.852155,3.757104,-1.862259,-0.000000,-0.000000,-0.000000,-0.000000,0.000000,0.000000,0.000000,0.000000,
0.430273,-0.277128,0.441712,0.662491,-0.351083,-0.265023,0.082231,0.047614,-0.015829,-0.000000,-0.000000,-0.000000,-0.000000,0.000000,0.000000,0.000000,0.000000,-0.250000,-0.889315,0.071103,1.049508,1.892893,-0.852107,-3.756804,2.713708,-0.000000,-0.000000,-0.000000,-0.000000,0.000000,0.000000,0.000000,0.000000,
