duration,cx0,cx1,cx2,cx3,cx4,cx5,cx6,cx7,cx8,cy0,cy1,cy2,cy3,cy4,cy5,cy6,cy7,cy8,cz0,cz1,cz2,cz3,cz4,cz5,cz6,cz7,cz8
0.618751287,0.000000000,0.374258578,0.000013312,-0.105606675,-0.000015514,0.008769685,0.000006522,-0.000297670,-0.000000122,-0.000000000,-0.000000000,-0.000000000,-0.000000000,0.000000000,0.000000000,0.000000000,0.000000000,0.000000000,-0.500000000,0.000015058,-0.355694264,0.000065130,1.015927434,-0.000218614,-0.616518021,0.206365198,0.000058142
0.254493743,0.277128130,0.040803652,-0.039815657,-0.001966791,0.000958821,0.000030035,-0.000010072,0.000000011,0.000000000,-0.000000000,-0.000000000,-0.000000000,-0.000000000,0.000000000,0.000000000,0.000000000,0.000000000,0.000000000,-0.249999985,0.451343149,0.139633477,-0.072553217,-0.028792435,0.007498972,0.004019301,-0.001149957,0.000000734
0.618767381,0.277128130,-0.099206857,-0.235359713,0.028283214,0.033489164,-0.002563711,-0.002064361,0.000293981,0.000000131,-0.000000000,-0.000000000,-0.000000000,-0.000000000,0.000000000,0.000000000,0.000000000,0.000000000,0.000000000,0.250000030,1.097391009,-0.825428843,-1.042835832,1.006272912,0.637201190,-0.829037249,0.206380889,0.000055969
0.618778586,-0.000000028,-0.374272585,-0.000000366,0.105617940,0.000003680,-0.008770809,-0.000002843,0.000296763,0.000000123,-0.000000000,-0.000000000,-0.000000000,-0.000000000,0.000000000,0.000000000,0.000000000,0.000000000,0.000000000,0.500000000,0.000013693,0.355732560,-0.000012477,-1.016105056,0.000170111,0.616675675,-0.206416428,-0.000058190
0.254484117,-0.277128130,-0.040796828,0.039809246,0.001965931,-0.000958333,-0.000029999,0.000010054,-0.000000010,-0.000000000,-0.000000000,-0.000000000,-0.000000000,-0.000000000,0.000000000,0.000000000,0.000000000,0.000000000,0.000000000,0.249999955,-0.451348394,-0.139621899,0.072550312,0.028787248,-0.007498036,-0.004018297,0.001149676,-0.000000734
0.618788123,-0.277128071,0.099197999,0.235358030,-0.028273273,-0.033483919,0.002559929,0.002062708,-0.000293222,-0.000000130,-0.000000000,-0.000000000,-0.000000000,-0.000000000,0.000000000,0.000000000,0.000000000,0.000000000,0.000000000,-0.250000179,-1.097476125,0.825489044,1.043000937,-1.006394506,-0.637337029,0.829196036,-0.206422120,-0.000055956
