duration,x^0,x^1,x^2,x^3,x^4,x^5,x^6,x^7,y^0,y^1,y^2,y^3,y^4,y^5,y^6,y^7,z^0,z^1,z^2,z^3,z^4,z^5,z^6,z^7,yaw^0,yaw^1,yaw^2,yaw^3,yaw^4,yaw^5,yaw^6,yaw^7,
0.212667,0.000001,1.517384,-0.000096,-4.953313,0.001196,4.865711,0.012483,-2.209373,-0.000000,-0.000000,-0.000000,-0.000000,0.000000,0.000000,0.000000,0.000000,-0.500000,0.000000,7.198950,-0.000044,-47.033859,0.002672,302.958984,-376.590332,-0.000000,-0.000000,-0.000000,-0.000000,0.000000,0.000000,0.000000,0.000000,
0.284902,0.277128,0.893666,-2.711797,-2.907493,4.440242,2.787287,-3.256835,-0.005770,-0.000000,-0.000000,-0.000000,-0.000000,0.000000,0.000000,0.000000,0.000000,-0.250000,1.799282,0.291054,-8.691772,31.717520,28.886007,-257.690674,258.422821,-0.000000,-0.000000,-0.000000,-0.000000,0.000000,0.000000,0.000000,0.000000,
0.212667,0.277128,-0.893674,-2.711889,2.907568,4.441137,-2.786198,-3.275763,2.210225,-0.000000,-0.000000,-0.000000,-0.000000,0.000000,0.000000,0.000000,0.000000,0.250000,1.799282,-0.291054,-8.691930,-31.717245,28.884983,257.694427,-376.612305,-0.000000,-0.000000,-0.000000,-0.000000,0.000000,0.000000,0.000000,0.000000,
0.212667,-0.000000,-1.517376,0.000007,4.953431,-0.000074,-4.872920,0.013691,2.173397,-0.000000,-0.000000,-0.000000,-0.000000,0.000000,0.000000,0.000000,0.000000,0.500000,-0.000000,-7.198950,0.000043,47.032810,0.009180,-302.999115,376.649231,-0.000000,-0.000000,-0.000000,-0.000000,0.000000,0.000000,0.000000,0.000000,
0.284902,-0.277128,-0.893684,2.711836,2.907684,-4.440516,-2.788030,3.258113,0.004890,-0.000000,-0.000000,-0.000000,-0.000000,0.000000,0.000000,0.000000,0.000000,0.250000,-1.799283,-0.291054,8.691773,-31.717440,-28.888161,257.696198,-258.427734,-0.000000,-0.000000,-0.000000,-0.000000,0.000000,0.000000,0.000000,0.000000,
0.212667,-0.277129,0.893686,2.711887,-2.907743,-4.441079,2.786604,3.278386,-2.213070,-0.000000,-0.000000,-0.000000,-0.000000,0.000000,0.000000,0.000000,0.000000,-0.250000,-1.799282,0.291056,8.691933,31.717081,-28.882284,-257.705170,376.624756,-0.000000,-0.000000,-0.000000,-0.000000,0.000000,0.000000,0.000000,0.000000,
