duration,cx0,cx1,cx2,cx3,cx4,cx5,cx6,cx7,cx8,cy0,cy1,cy2,cy3,cy4,cy5,cy6,cy7,cy8,cz0,cz1,cz2,cz3,cz4,cz5,cz6,cz7,cz8
0.307907164,0.000000000,0.451958716,0.000047981,-0.093881950,-0.000043144,0.005792739,0.000010919,-0.000154514,-0.000000060,-0.000000000,-0.000000000,-0.000000000,-0.000000000,0.000000000,0.000000000,0.000000000,0.000000000,0.000000000,-0.479999989,-0.000125858,0.196167901,0.000223726,0.076185122,-0.000079463,-0.046576601,0.014201932,0.000003252
0.250065565,0.363730669,0.160953820,-0.149732858,-0.022134205,0.010298493,0.000922286,-0.000307628,0.000000065,0.000000002,-0.000000000,-0.000000000,-0.000000000,-0.000000000,0.000000000,0.000000000,0.000000000,0.000000000,0.000000000,-0.239999980,0.420045316,0.166767046,-0.069698259,-0.054627109,0.006669879,0.015179387,-0.004335790,-0.000000471
0.307902873,0.363730639,-0.198181331,-0.227008432,0.041315164,0.023669533,-0.002609639,-0.001069931,0.000153889,0.000000063,-0.000000000,-0.000000000,-0.000000000,-0.000000000,0.000000000,0.000000000,0.000000000,0.000000000,0.000000000,0.240000024,0.517199814,-0.252828509,-0.130108953,0.125559807,0.018858848,-0.052884772,0.014200578,0.000003163
0.307940006,-0.000000036,-0.452019125,0.000042353,0.093921900,-0.000037124,-0.005798052,0.000009049,0.000150299,0.000000059,-0.000000000,-0.000000000,-0.000000000,-0.000000000,0.000000000,0.000000000,0.000000000,0.000000000,0.000000000,0.479999989,-0.000129918,-0.196226239,0.000220819,-0.076212563,-0.000056587,0.046606779,-0.014199084,-0.000003248
0.250259072,-0.363730669,-0.161075205,0.149857670,0.022134239,-0.010306356,-0.000916193,0.000306107,-0.000000168,-0.000000002,-0.000000000,-0.000000000,-0.000000000,-0.000000000,0.000000000,0.000000000,0.000000000,0.000000000,0.000000000,0.239999950,-0.420023054,-0.166816086,0.069664858,0.054705374,-0.006654918,-0.015225795,0.004349024,0.000000472
0.307949275,-0.363730580,0.198202506,0.226898000,-0.041246366,-0.023619268,0.002586979,0.001058219,-0.000149364,-0.000000062,-0.000000000,-0.000000000,-0.000000000,-0.000000000,0.000000000,0.000000000,0.000000000,0.000000000,0.000000000,-0.240000173,-0.516845763,0.252592176,0.129799694,-0.125430256,-0.018759251,0.052848011,-0.014201300,-0.000003162
