duration,x^0,x^1,x^2,x^3,x^4,x^5,x^6,x^7,y^0,y^1,y^2,y^3,y^4,y^5,y^6,y^7,z^0,z^1,z^2,z^3,z^4,z^5,z^6,z^7,yaw^0,yaw^1,yaw^2,yaw^3,yaw^4,yaw^5,yaw^6,yaw^7,
0.485888,0.000000,0.893810,-0.000000,-0.647512,0.000012,0.140343,0.000100,-0.013534,-0.000000,-0.000000,-0.000000,-0.000000,0.000000,0.000000,0.000000,0.000000,-0.480000,0.000000,1.204990,-0.000002,-0.976838,0.000023,1.034135,-0.570124,-0.000000,-0.000000,-0.000000,-0.000000,0.000000,0.000000,0.000000,0.000000,
0.535199,0.363731,0.473088,-0.790461,-0.342329,0.286980,0.073640,-0.045923,0.000043,-0.000000,-0.000000,-0.000000,-0.000000,0.000000,0.000000,0.000000,0.000000,-0.240000,0.838288,0.361646,-0.638148,0.396333,0.188227,-0.905146,0.483202,-0.000000,-0.000000,-0.000000,-0.000000,0.000000,0.000000,0.000000,0.000000,
0.485888,0.363731,-0.473089,-0.790461,0.342330,0.286989,-0.073566,-0.045883,0.013503,-0.000000,-0.000000,-0.000000,-0.000000,0.000000,0.000000,0.000000,0.000000,0.240000,0.838288,-0.361646,-0.638153,-0.396333,0.188127,0.905162,-0.570204,-0.000000,-0.000000,-0.000000,-0.000000,0.000000,0.000000,0.000000,0.000000,
0.485888,-0.000000,-0.893810,0.000000,0.647512,-0.000020,-0.140305,-0.000164,0.013573,-0.000000,-0.000000,-0.000000,-0.000000,0.000000,0.000000,0.000000,0.000000,0.480000,-0.000000,-1.204990,0.000002,0.976852,-0.000078,-1.034004,0.570037,-0.000000,-0.000000,-0.000000,-0.000000,0.000000,0.000000,0.000000,0.000000,
0.535199,-0.363731,-0.473089,0.790461,0.342329,-0.286988,-0.073623,0.045873,-0.000023,-0.000000,-0.000000,-0.000000,-0.000000,0.000000,0.000000,0.000000,0.000000,0.240000,-0.838288,-0.361646,0.638149,-0.396343,-0.188179,0.905066,-0.483162,-0.000000,-0.000000,-0.000000,-0.000000,0.000000,0.000000,0.000000,0.000000,
0.485888,-0.363731,0.473089,0.790461,-0.342330,-0.286992,0.073583,0.045848,-0.013489,-0.000000,-0.000000,-0.000000,-0.000000,0.000000,0.000000,0.000000,0.000000,-0.240000,-0.838288,0.361647,0.638153,0.396320,-0.188065,-0.905268,0.570264,-0.000000,-0.000000,-0.000000,-0.000000,0.000000,0.000000,0.000000,0.000000,
