duration,x^0,x^1,x^2,x^3,x^4,x^5,x^6,x^7,y^0,y^1,y^2,y^3,y^4,y^5,y^6,y^7,z^0,z^1,z^2,z^3,z^4,z^5,z^6,z^7,yaw^0,yaw^1,yaw^2,yaw^3,yaw^4,yaw^5,yaw^6,yaw^7,
0.403142,-0.000000,1.077268,-0.000000,-1.133662,0.000138,0.356275,0.001661,-0.050964,-0.000000,-0.000000,-0.000000,-0.000000,0.000000,0.000000,0.000000,0.000000,-0.480000,0.000000,1.750414,-0.000003,-2.061295,0.000132,3.169690,-2.106184,-0.000000,-0.000000,-0.000000,-0.000000,0.000000,0.000000,0.000000,0.000000,
0.444055,0.363731,0.570192,-1.148254,-0.599349,0.605567,0.187329,-0.140835,0.000214,-0.000000,-0.000000,-0.000000,-0.000000,0.000000,0.000000,0.000000,0.000000,-0.240000,1.010351,0.525341,-1.117269,0.836386,0.478386,-2.773924,1.784770,-0.000000,-0.000000,-0.000000,-0.000000,0.000000,0.000000,0.000000,0.000000,
0.403142,0.363731,-0.570192,-1.148254,0.599350,0.605589,-0.187084,-0.140706,0.049946,-0.000000,-0.000000,-0.000000,-0.000000,0.000000,0.000000,0.000000,0.000000,0.240000,1.010351,-0.525341,-1.117277,-0.836368,0.478720,2.774043,-2.106193,-0.000000,-0.000000,-0.000000,-0.000000,0.000000,0.000000,0.000000,0.000000,
0.403142,-0.000000,-1.077268,0.000000,1.133662,0.000006,-0.357132,0.000111,0.049703,-0.000000,-0.000000,-0.000000,-0.000000,0.000000,0.000000,0.000000,0.000000,0.480000,-0.000000,-1.750415,0.000004,2.061265,0.000070,-3.170136,2.106460,-0.000000,-0.000000,-0.000000,-0.000000,0.000000,0.000000,0.000000,0.000000,
0.444055,-0.363731,-0.570192,1.148254,0.599350,-0.605604,-0.187135,0.140431,0.000020,-0.000000,-0.000000,-0.000000,-0.000000,0.000000,0.000000,0.000000,0.000000,0.240000,-1.010351,-0.525341,1.117269,-0.836358,-0.478539,2.774235,-1.784968,-0.000000,-0.000000,-0.000000,-0.000000,0.000000,0.000000,0.000000,0.000000,
0.403142,-0.363731,0.570192,1.148254,-0.599350,-0.605559,0.186894,0.141066,-0.050198,-0.000000,-0.000000,-0.000000,-0.000000,0.000000,0.000000,0.000000,0.000000,-0.240000,-1.010350,0.525342,1.117277,0.836299,-0.478310,-2.774898,2.106808,-0.000000,-0.000000,-0.000000,-0.000000,0.000000,0.000000,0.000000,0.000000,
