duration,cx0,cx1,cx2,cx3,cx4,cx5,cx6,cx7,cx8,cy0,cy1,cy2,cy3,cy4,cy5,cy6,cy7,cy8,cz0,cz1,cz2,cz3,cz4,cz5,cz6,cz7,cz8
0.318775743,0.000000000,0.322696239,-0.000000047,-0.047643568,0.000000014,0.002118666,-0.000000115,-0.000043050,-0.000000016,-0.000000000,-0.000000000,-0.000000000,-0.000000000,0.000000000,0.000000000,0.000000000,0.000000000,0.000000000,-0.500000000,0.000000038,0.325589865,-0.000000417,-0.096209437,0.000004295,0.028022369,-0.007405820,-0.000000882
0.427051008,0.277128130,0.254611254,-0.220118910,-0.067239791,0.029257862,0.005234349,-0.001744740,-0.000000018,0.000000003,-0.000000000,-0.000000000,-0.000000000,-0.000000000,0.000000000,0.000000000,0.000000000,0.000000000,0.000000000,-0.249999985,0.512619019,0.023624515,-0.200999230,0.208979309,0.054178525,-0.137742504,0.039329462,0.000010944
0.318775743,0.277128130,-0.190056697,-0.122650295,0.027966851,0.009083809,-0.001213142,-0.000301754,0.000043058,0.000000017,-0.000000000,-0.000000000,-0.000000000,-0.000000000,0.000000000,0.000000000,0.000000000,0.000000000,0.000000000,0.250000030,0.382648647,-0.013163594,-0.083602414,-0.064878792,0.012567831,0.023835326,-0.007406027,-0.000000998
0.318775773,-0.000000028,-0.322696239,0.000000068,0.047643557,-0.000000021,-0.002118664,0.000000118,0.000043049,0.000000016,-0.000000000,-0.000000000,-0.000000000,-0.000000000,0.000000000,0.000000000,0.000000000,0.000000000,0.000000000,0.500000000,-0.000000012,-0.325589925,0.000000411,0.096209459,-0.000004304,-0.028022360,0.007405812,0.000000884
0.427051097,-0.277128130,-0.254611254,0.220118940,0.067239814,-0.029257853,-0.005234345,0.001744725,0.000000024,-0.000000004,-0.000000000,-0.000000000,-0.000000000,-0.000000000,0.000000000,0.000000000,0.000000000,0.000000000,0.000000000,0.249999955,-0.512619138,-0.023624541,0.200999364,-0.208979443,-0.054178558,0.137742624,-0.039329499,-0.000010944
0.318775654,-0.277128071,0.190056711,0.122650214,-0.027966818,-0.009083804,0.001213136,0.000301756,-0.000043059,-0.000000016,-0.000000000,-0.000000000,-0.000000000,-0.000000000,0.000000000,0.000000000,0.000000000,0.000000000,0.000000000,-0.250000179,-0.382648468,0.013163689,0.083602384,0.064878687,-0.012567823,-0.023835296,0.007406022,0.000000996
