duration,x^0,x^1,x^2,x^3,x^4,x^5,x^6,x^7,y^0,y^1,y^2,y^3,y^4,y^5,y^6,y^7,z^0,z^1,z^2,z^3,z^4,z^5,z^6,z^7,yaw^0,yaw^1,yaw^2,yaw^3,yaw^4,yaw^5,yaw^6,yaw^7,
0.279225,0.000000,1.555348,-0.000001,-3.411889,0.000165,2.238768,0.004292,-0.655392,-0.000000,-0.000000,-0.000000,-0.000000,0.000000,0.000000,0.000000,0.000000,-0.480000,0.000000,3.648785,-0.000010,-8.956729,-0.000026,28.713449,-27.546463,-0.000000,-0.000000,-0.000000,-0.000000,0.000000,0.000000,0.000000,0.000000,
0.307562,0.363731,0.823237,-2.393566,-1.803811,2.631520,1.173942,-1.271746,-0.000601,-0.000000,-0.000000,-0.000000,-0.000000,0.000000,0.000000,0.000000,0.000000,-0.240000,1.458733,1.095087,-3.362551,3.634175,3.002208,-25.128304,23.342798,-0.000000,-0.000000,-0.000000,-0.000000,0.000000,0.000000,0.000000,0.000000,
0.279225,0.363731,-0.823237,-2.393566,1.803813,2.631568,-1.175028,-1.269710,0.648298,-0.000000,-0.000000,-0.000000,-0.000000,0.000000,0.000000,0.000000,0.000000,0.240000,1.458733,-1.095087,-3.362575,-3.634008,3.001429,25.132360,-27.549616,-0.000000,-0.000000,-0.000000,-0.000000,0.000000,0.000000,0.000000,0.000000,
0.279225,-0.000000,-1.555348,0.000000,3.411887,0.000042,-2.240577,0.001242,0.649678,-0.000000,-0.000000,-0.000000,-0.000000,0.000000,0.000000,0.000000,0.000000,0.480000,-0.000000,-3.648786,0.000011,8.956925,-0.001677,-28.708357,27.541002,-0.000000,-0.000000,-0.000000,-0.000000,0.000000,0.000000,0.000000,0.000000,
0.307562,-0.363731,-0.823237,2.393566,1.803812,-2.631454,-1.174439,1.273082,-0.000401,-0.000000,-0.000000,-0.000000,-0.000000,0.000000,0.000000,0.000000,0.000000,0.240000,-1.458733,-1.095087,3.362551,-3.634214,-3.001872,25.127743,-23.342194,-0.000000,-0.000000,-0.000000,-0.000000,0.000000,0.000000,0.000000,0.000000,
0.279225,-0.363731,0.823237,2.393566,-1.803814,-2.631388,1.173331,1.275167,-0.653592,-0.000000,-0.000000,-0.000000,-0.000000,0.000000,0.000000,0.000000,0.000000,-0.240000,-1.458733,1.095088,3.362575,3.634121,-3.002435,-25.129202,27.546471,-0.000000,-0.000000,-0.000000,-0.000000,0.000000,0.000000,0.000000,0.000000,
