duration,x^0,x^1,x^2,x^3,x^4,x^5,x^6,x^7,y^0,y^1,y^2,y^3,y^4,y^5,y^6,y^7,z^0,z^1,z^2,z^3,z^4,z^5,z^6,z^7,yaw^0,yaw^1,yaw^2,yaw^3,yaw^4,yaw^5,yaw^6,yaw^7,
0.471483,0.000000,0.921118,-0.000000,-0.708693,-0.000010,0.163255,-0.000095,-0.016575,-0.000000,-0.000000,-0.000000,-0.000000,0.000000,0.000000,0.000000,0.000000,-0.480000,0.000000,1.279746,-0.000002,-1.101804,0.000061,1.238762,-0.703779,-0.000000,-0.000000,-0.000000,-0.000000,0.000000,0.000000,0.000000,0.000000,
0.519332,0.363731,0.487542,-0.839500,-0.374675,0.323715,0.085504,-0.054843,-0.000034,-0.000000,-0.000000,-0.000000,-0.000000,0.000000,0.000000,0.000000,0.000000,-0.240000,0.863900,0.384082,-0.698445,0.447034,0.218798,-1.084286,0.596519,-0.000000,-0.000000,-0.000000,-0.000000,0.000000,0.000000,0.000000,0.000000,
0.471483,0.363731,-0.487543,-0.839500,0.374675,0.323706,-0.085532,-0.054914,0.016645,-0.000000,-0.000000,-0.000000,-0.000000,0.000000,0.000000,0.000000,0.000000,0.240000,0.863900,-0.384082,-0.698450,-0.447051,0.218761,1.084150,-0.703826,-0.000000,-0.000000,-0.000000,-0.000000,0.000000,0.000000,0.000000,0.000000,
0.471483,-0.000000,-0.921118,0.000000,0.708693,0.000003,-0.163220,0.000034,0.016613,-0.000000,-0.000000,-0.000000,-0.000000,0.000000,0.000000,0.000000,0.000000,0.480000,-0.000000,-1.279746,0.000002,1.101784,0.000068,-1.238927,0.703915,-0.000000,-0.000000,-0.000000,-0.000000,0.000000,0.000000,0.000000,0.000000,
0.519332,-0.363731,-0.487543,0.839500,0.374675,-0.323706,-0.085548,0.054916,-0.000011,-0.000000,-0.000000,-0.000000,-0.000000,0.000000,0.000000,0.000000,0.000000,0.240000,-0.863900,-0.384082,0.698445,-0.447064,-0.218655,1.084051,-0.596389,-0.000000,-0.000000,-0.000000,-0.000000,0.000000,0.000000,0.000000,0.000000,
0.471483,-0.363731,0.487543,0.839500,-0.374675,-0.323693,0.085457,0.055058,-0.016730,-0.000000,-0.000000,-0.000000,-0.000000,0.000000,0.000000,0.000000,0.000000,-0.240000,-0.863900,0.384083,0.698450,0.447057,-0.218798,-1.084074,0.703777,-0.000000,-0.000000,-0.000000,-0.000000,0.000000,0.000000,0.000000,0.000000,
