duration,x^0,x^1,x^2,x^3,x^4,x^5,x^6,x^7,y^0,y^1,y^2,y^3,y^4,y^5,y^6,y^7,z^0,z^1,z^2,z^3,z^4,z^5,z^6,z^7,yaw^0,yaw^1,yaw^2,yaw^3,yaw^4,yaw^5,yaw^6,yaw^7,
0.446762,-0.000000,0.722301,-0.000000,-0.534290,-0.000011,0.119101,-0.000130,-0.012054,-0.000000,-0.000000,-0.000000,-0.000000,0.000000,0.000000,0.000000,0.000000,-0.500000,0.000000,1.631245,-0.000005,-2.414961,0.000002,3.524821,-2.085716,-0.000000,-0.000000,-0.000000,-0.000000,0.000000,0.000000,0.000000,0.000000,
0.598508,0.277128,0.425410,-0.614493,-0.313628,0.227997,0.068223,-0.038051,0.000047,-0.000000,-0.000000,-0.000000,-0.000000,0.000000,0.000000,0.000000,0.000000,-0.250000,0.856494,0.065951,-0.937527,1.628539,0.706048,-2.998199,1.431252,-0.000000,-0.000000,-0.000000,-0.000000,0.000000,0.000000,0.000000,0.000000,
0.446762,0.277128,-0.425410,-0.614493,0.313629,0.228027,-0.068222,-0.037827,0.012057,-0.000000,-0.000000,-0.000000,-0.000000,0.000000,0.000000,0.000000,0.000000,0.250000,0.856494,-0.065951,-0.937543,-1.628562,0.706142,2.997865,-2.085615,-0.000000,-0.000000,-0.000000,-0.000000,0.000000,0.000000,0.000000,0.000000,
0.446762,-0.000000,-0.722301,0.000000,0.534290,0.000003,-0.119055,0.000041,0.012112,-0.000000,-0.000000,-0.000000,-0.000000,0.000000,0.000000,0.000000,0.000000,0.500000,-0.000000,-1.631245,0.000005,2.414922,0.000234,-3.525228,2.086009,-0.000000,-0.000000,-0.000000,-0.000000,0.000000,0.000000,0.000000,0.000000,
0.598509,-0.277128,-0.425410,0.614493,0.313629,-0.228019,-0.068130,0.037921,0.000018,-0.000000,-0.000000,-0.000000,-0.000000,0.000000,0.000000,0.000000,0.000000,0.250000,-0.856494,-0.065951,0.937527,-1.628543,-0.706038,2.998159,-1.431241,-0.000000,-0.000000,-0.000000,-0.000000,0.000000,0.000000,0.000000,0.000000,
0.446761,-0.277128,0.425410,0.614493,-0.313629,-0.228016,0.068158,0.037950,-0.012135,-0.000000,-0.000000,-0.000000,-0.000000,0.000000,0.000000,0.000000,0.000000,-0.250000,-0.856494,0.065952,0.937544,1.628528,-0.705959,-2.998178,2.085811,-0.000000,-0.000000,-0.000000,-0.000000,0.000000,0.000000,0.000000,0.000000,
