duration,x^0,x^1,x^2,x^3,x^4,x^5,x^6,x^7,y^0,y^1,y^2,y^3,y^4,y^5,y^6,y^7,z^0,z^1,z^2,z^3,z^4,z^5,z^6,z^7,yaw^0,yaw^1,yaw^2,yaw^3,yaw^4,yaw^5,yaw^6,yaw^7,
0.502379,-0.000000,0.864471,-0.000000,-0.585819,0.000013,0.118766,0.000092,-0.010720,-0.000000,-0.000000,-0.000000,-0.000000,0.000000,0.000000,0.000000,0.000000,-0.480000,0.000000,1.127182,-0.000002,-0.854763,0.000035,0.846432,-0.451326,-0.000000,-0.000000,-0.000000,-0.000000,0.000000,0.000000,0.000000,0.000000,
0.553363,0.363731,0.457559,-0.739420,-0.309713,0.251120,0.062303,-0.037556,0.000019,-0.000000,-0.000000,-0.000000,-0.000000,0.000000,0.000000,0.000000,0.000000,-0.240000,0.810772,0.338294,-0.577347,0.346802,0.159300,-0.740888,0.382534,-0.000000,-0.000000,-0.000000,-0.000000,0.000000,0.000000,0.000000,0.000000,
0.502379,0.363731,-0.457560,-0.739420,0.309713,0.251130,-0.062292,-0.037494,0.010656,-0.000000,-0.000000,-0.000000,-0.000000,0.000000,0.000000,0.000000,0.000000,0.240000,0.810772,-0.338294,-0.577352,-0.346809,0.159250,0.740832,-0.451365,-0.000000,-0.000000,-0.000000,-0.000000,0.000000,0.000000,0.000000,0.000000,
0.502379,-0.000000,-0.864471,0.000000,0.585819,0.000015,-0.118898,0.000125,0.010596,-0.000000,-0.000000,-0.000000,-0.000000,0.000000,0.000000,0.000000,0.000000,0.480000,-0.000000,-1.127182,0.000002,0.854762,-0.000035,-0.846433,0.451327,-0.000000,-0.000000,-0.000000,-0.000000,0.000000,0.000000,0.000000,0.000000,
0.553363,-0.363731,-0.457559,0.739420,0.309713,-0.251119,-0.062327,0.037582,-0.000033,-0.000000,-0.000000,-0.000000,-0.000000,0.000000,0.000000,0.000000,0.000000,0.240000,-0.810772,-0.338294,0.577348,-0.346806,-0.159276,0.740860,-0.382517,-0.000000,-0.000000,-0.000000,-0.000000,0.000000,0.000000,0.000000,0.000000,
0.502379,-0.363731,0.457560,0.739420,-0.309714,-0.251122,0.062258,0.037555,-0.010692,-0.000000,-0.000000,-0.000000,-0.000000,0.000000,0.000000,0.000000,0.000000,-0.240000,-0.810772,0.338294,0.577352,0.346801,-0.159219,-0.740879,0.451393,-0.000000,-0.000000,-0.000000,-0.000000,0.000000,0.000000,0.000000,0.000000,
