duration,x^0,x^1,x^2,x^3,x^4,x^5,x^6,x^7,y^0,y^1,y^2,y^3,y^4,y^5,y^6,y^7,z^0,z^1,z^2,z^3,z^4,z^5,z^6,z^7,yaw^0,yaw^1,yaw^2,yaw^3,yaw^4,yaw^5,yaw^6,yaw^7,
0.447251,0.000000,0.971025,-0.000000,-0.830240,0.000007,0.212445,0.000044,-0.024099,-0.000000,-0.000000,-0.000000,-0.000000,0.000000,0.000000,0.000000,0.000000,-0.480000,0.000000,1.422179,-0.000003,-1.360714,0.000079,1.700028,-1.018222,-0.000000,-0.000000,-0.000000,-0.000000,0.000000,0.000000,0.000000,0.000000,
0.492640,0.363731,0.513958,-0.932935,-0.438935,0.399780,0.111333,-0.075302,-0.000032,-0.000000,-0.000000,-0.000000,-0.000000,0.000000,0.000000,0.000000,0.000000,-0.240000,0.910707,0.426830,-0.818234,0.552087,0.284812,-1.488028,0.862996,-0.000000,-0.000000,-0.000000,-0.000000,0.000000,0.000000,0.000000,0.000000,
0.447251,0.363731,-0.513958,-0.932935,0.438935,0.399777,-0.111391,-0.075314,0.024049,-0.000000,-0.000000,-0.000000,-0.000000,0.000000,0.000000,0.000000,0.000000,0.240000,0.910707,-0.426830,-0.818240,-0.552082,0.284716,1.488071,-1.018385,-0.000000,-0.000000,-0.000000,-0.000000,0.000000,0.000000,0.000000,0.000000,
0.447251,-0.000000,-0.971025,0.000000,0.830240,-0.000005,-0.212443,-0.000056,0.024102,-0.000000,-0.000000,-0.000000,-0.000000,0.000000,0.000000,0.000000,0.000000,0.480000,-0.000000,-1.422179,0.000003,1.360651,0.000259,-1.700666,1.018631,-0.000000,-0.000000,-0.000000,-0.000000,0.000000,0.000000,0.000000,0.000000,
0.492640,-0.363731,-0.513958,0.932935,0.438935,-0.399796,-0.111259,0.075160,0.000111,-0.000000,-0.000000,-0.000000,-0.000000,0.000000,0.000000,0.000000,0.000000,0.240000,-0.910707,-0.426830,0.818234,-0.552095,-0.284767,1.487969,-0.862950,-0.000000,-0.000000,-0.000000,-0.000000,0.000000,0.000000,0.000000,0.000000,
0.447251,-0.363731,0.513959,0.932935,-0.438935,-0.399783,0.111420,0.075250,-0.024001,-0.000000,-0.000000,-0.000000,-0.000000,0.000000,0.000000,0.000000,0.000000,-0.240000,-0.910707,0.426830,0.818240,0.552068,-0.284640,-1.488221,1.018483,-0.000000,-0.000000,-0.000000,-0.000000,0.000000,0.000000,0.000000,0.000000,
