duration,cx0,cx1,cx2,cx3,cx4,cx5,cx6,cx7,cx8,cy0,cy1,cy2,cy3,cy4,cy5,cy6,cy7,cy8,cz0,cz1,cz2,cz3,cz4,cz5,cz6,cz7,cz8
0.521630228,-0.000000000,0.434291989,-0.000000054,-0.074277498,-0.000000011,0.003802523,-0.000000220,-0.000086023,-0.000000032,-0.000000000,-0.000000000,-0.000000000,-0.000000000,0.000000000,0.000000000,0.000000000,0.000000000,0.000000000,-0.479999989,0.000000033,0.284483165,-0.000000230,-0.054446671,0.000002489,0.013604670,-0.003642813,-0.000000649
0.574568093,0.363730669,0.253196478,-0.226418152,-0.052479528,0.023546822,0.003231508,-0.001077163,-0.000000005,0.000000003,-0.000000000,-0.000000000,-0.000000000,-0.000000000,0.000000000,0.000000000,0.000000000,0.000000000,0.000000000,-0.239999980,0.448651105,0.103589222,-0.097828969,0.032519914,0.008258121,-0.021262566,0.006071827,0.000001352
0.521630168,0.363730639,-0.229868248,-0.186618075,0.039269362,0.015996289,-0.001993120,-0.000602937,0.000086028,0.000000034,-0.000000000,-0.000000000,-0.000000000,-0.000000000,0.000000000,0.000000000,0.000000000,0.000000000,0.000000000,0.240000024,0.407314569,-0.085380174,-0.073203951,-0.022091594,0.005098527,0.011906079,-0.003642837,-0.000000661
0.521630168,-0.000000037,-0.434291929,0.000000035,0.074277483,0.000000018,-0.003802522,0.000000219,0.000086023,0.000000033,-0.000000000,-0.000000000,-0.000000000,-0.000000000,0.000000000,0.000000000,0.000000000,0.000000000,0.000000000,0.479999989,-0.000000036,-0.284483224,0.000000228,0.054446679,-0.000002499,-0.013604655,0.003642805,0.000000650
0.574568212,-0.363730669,-0.253196567,0.226418257,0.052479584,-0.023546854,-0.003231515,0.001077167,0.000000005,-0.000000003,-0.000000000,-0.000000000,-0.000000000,-0.000000000,0.000000000,0.000000000,0.000000000,0.000000000,0.000000000,0.239999950,-0.448651284,-0.103589259,0.097829126,-0.032519948,-0.008258156,0.021262594,-0.006071834,-0.000001352
0.521630049,-0.363730580,0.229868323,0.186617970,-0.039269362,-0.015996275,0.001993121,0.000602937,-0.000086029,-0.000000034,-0.000000000,-0.000000000,-0.000000000,-0.000000000,0.000000000,0.000000000,0.000000000,0.000000000,0.000000000,-0.240000173,-0.407314390,0.085380241,0.073203869,0.022091543,-0.005098515,-0.011906064,0.003642835,0.000000659
