duration,x^0,x^1,x^2,x^3,x^4,x^5,x^6,x^7,y^0,y^1,y^2,y^3,y^4,y^5,y^6,y^7,z^0,z^1,z^2,z^3,z^4,z^5,z^6,z^7,yaw^0,yaw^1,yaw^2,yaw^3,yaw^4,yaw^5,yaw^6,yaw^7,
0.282411,-0.000000,1.142650,-0.000002,-2.115249,0.000081,1.178791,0.001564,-0.302590,-0.000000,-0.000000,-0.000000,-0.000000,0.000000,0.000000,0.000000,0.000000,-0.500000,0.000000,4.082340,-0.000019,-15.124797,-0.000166,55.247398,-51.715858,-0.000000,-0.000000,-0.000000,-0.000000,0.000000,0.000000,0.000000,0.000000,
0.378334,0.277128,0.672980,-1.537824,-1.241652,1.427992,0.675566,-0.595652,0.000497,-0.000000,-0.000000,-0.000000,-0.000000,0.000000,0.000000,0.000000,0.000000,-0.250000,1.354938,0.165049,-3.711662,10.199557,6.994815,-46.990810,35.486507,-0.000000,-0.000000,-0.000000,-0.000000,0.000000,0.000000,0.000000,0.000000,
0.282411,0.277128,-0.672980,-1.537826,1.241656,1.428082,-0.675486,-0.594580,0.300548,-0.000000,-0.000000,-0.000000,-0.000000,0.000000,0.000000,0.000000,0.000000,0.250000,1.354938,-0.165049,-3.711729,-10.199424,6.994750,46.992134,-51.717106,-0.000000,-0.000000,-0.000000,-0.000000,0.000000,0.000000,0.000000,0.000000,
0.282411,-0.000000,-1.142650,0.000002,2.115251,0.000012,-1.179628,0.000874,0.300028,-0.000000,-0.000000,-0.000000,-0.000000,0.000000,0.000000,0.000000,0.000000,0.500000,-0.000000,-4.082340,0.000019,15.124790,-0.000299,-55.246696,51.714508,-0.000000,-0.000000,-0.000000,-0.000000,0.000000,0.000000,0.000000,0.000000,
0.378334,-0.277128,-0.672980,1.537823,1.241652,-1.428028,-0.675311,0.595061,-0.000067,-0.000000,-0.000000,-0.000000,-0.000000,0.000000,0.000000,0.000000,0.000000,0.250000,-1.354938,-0.165049,3.711663,-10.199589,-6.994866,46.991062,-35.486588,-0.000000,-0.000000,-0.000000,-0.000000,0.000000,0.000000,0.000000,0.000000,
0.282410,-0.277128,0.672981,1.537826,-1.241654,-1.428093,0.675572,0.594045,-0.300159,-0.000000,-0.000000,-0.000000,-0.000000,0.000000,0.000000,0.000000,0.000000,-0.250000,-1.354938,0.165050,3.711731,10.199331,-6.993634,-46.995277,51.720390,-0.000000,-0.000000,-0.000000,-0.000000,0.000000,0.000000,0.000000,0.000000,
