duration,cx0,cx1,cx2,cx3,cx4,cx5,cx6,cx7,cx8,cy0,cy1,cy2,cy3,cy4,cy5,cy6,cy7,cy8,cz0,cz1,cz2,cz3,cz4,cz5,cz6,cz7,cz8
0.441478968,-0.000000000,0.374215573,0.000028949,-0.105561525,-0.000030134,0.008762873,0.000010848,-0.000298342,-0.000000123,-0.000000000,-0.000000000,-0.000000000,-0.000000000,0.000000000,0.000000000,0.000000000,0.000000000,0.000000000,-0.500000000,0.000001163,-0.354812592,0.000194067,1.014259934,-0.000300219,-0.615370810,0.205970451,0.000058003
0.181705385,0.277128130,0.040853120,-0.039862324,-0.001972120,0.000961234,0.000030197,-0.000010115,0.000000009,0.000000000,-0.000000000,-0.000000000,-0.000000000,-0.000000000,0.000000000,0.000000000,0.000000000,0.000000000,0.000000000,-0.249999985,0.451313168,0.139716491,-0.072579123,-0.028833734,0.007506998,0.004027924,-0.001152427,0.000000734
0.441485614,0.277128130,-0.099258661,-0.235312000,0.028296323,0.033483945,-0.002566010,-0.002067022,0.000295130,0.000000131,-0.000000000,-0.000000000,-0.000000000,-0.000000000,0.000000000,0.000000000,0.000000000,0.000000000,0.000000000,0.250000030,1.096550822,-0.824783862,-1.041021824,1.004936337,0.635661006,-0.827373445,0.205975115,0.000055840
0.441533774,-0.000000028,-0.374263942,0.000016596,0.105602965,-0.000012759,-0.008768943,0.000002532,0.000295339,0.000000122,-0.000000000,-0.000000000,-0.000000000,-0.000000000,0.000000000,0.000000000,0.000000000,0.000000000,0.000000000,0.500000000,-0.000000102,0.354895681,0.000121208,-1.014764905,0.000084627,0.615832567,-0.206111073,-0.000058105
0.181697145,-0.277128130,-0.040836174,0.039847020,0.001969137,-0.000959943,-0.000030040,0.000010068,-0.000000010,-0.000000000,-0.000000000,-0.000000000,-0.000000000,-0.000000000,0.000000000,0.000000000,0.000000000,0.000000000,0.000000000,0.249999955,-0.451318562,-0.139700577,0.072573461,0.028826103,-0.007505398,-0.004026376,0.001151978,-0.000000733
0.441543639,-0.277128071,0.099235035,0.235302716,-0.028271521,-0.033460867,0.002556338,0.002058566,-0.000292010,-0.000000130,-0.000000000,-0.000000000,-0.000000000,-0.000000000,0.000000000,0.000000000,0.000000000,0.000000000,0.000000000,-0.250000179,-1.096761703,0.824974537,1.041503668,-1.005370259,-0.636094928,0.827927887,-0.206123099,-0.000055864
