duration,cx0,cx1,cx2,cx3,cx4,cx5,cx6,cx7,cx8,cy0,cy1,cy2,cy3,cy4,cy5,cy6,cy7,cy8,cz0,cz1,cz2,cz3,cz4,cz5,cz6,cz7,cz8
0.279224902,0.000000000,0.434291989,-0.000000046,-0.074277505,-0.000000015,0.003802525,-0.000000220,-0.000086023,-0.000000033,-0.000000000,-0.000000000,-0.000000000,-0.000000000,0.000000000,0.000000000,0.000000000,0.000000000,0.000000000,-0.479999989,0.000000028,0.284483194,-0.000000227,-0.054446679,0.000002498,0.013604658,-0.003642805,-0.000000650
0.307562172,0.363730669,0.253196478,-0.226418167,-0.052479524,0.023546841,0.003231502,-0.001077161,-0.000000008,0.000000004,-0.000000000,-0.000000000,-0.000000000,-0.000000000,0.000000000,0.000000000,0.000000000,0.000000000,0.000000000,-0.239999980,0.448651135,0.103589222,-0.097828999,0.032519922,0.008258129,-0.021262569,0.006071829,0.000001351
0.279224902,0.363730639,-0.229868263,-0.186618075,0.039269373,0.015996283,-0.001993119,-0.000602940,0.000086030,0.000000034,-0.000000000,-0.000000000,-0.000000000,-0.000000000,0.000000000,0.000000000,0.000000000,0.000000000,0.000000000,0.240000024,0.407314599,-0.085380189,-0.073203944,-0.022091594,0.005098518,0.011906089,-0.003642841,-0.000000660
0.279224902,-0.000000036,-0.434291929,0.000000035,0.074277475,0.000000019,-0.003802519,0.000000217,0.000086024,0.000000032,-0.000000000,-0.000000000,-0.000000000,-0.000000000,0.000000000,0.000000000,0.000000000,0.000000000,0.000000000,0.479999989,-0.000000043,-0.284483224,0.000000236,0.054446682,-0.000002501,-0.013604658,0.003642806,0.000000650
0.307562262,-0.363730669,-0.253196567,0.226418257,0.052479595,-0.023546847,-0.003231518,0.001077167,0.000000004,-0.000000003,-0.000000000,-0.000000000,-0.000000000,-0.000000000,0.000000000,0.000000000,0.000000000,0.000000000,0.000000000,0.239999950,-0.448651284,-0.103589252,0.097829103,-0.032519963,-0.008258152,0.021262605,-0.006071839,-0.000001351
0.279224813,-0.363730580,0.229868323,0.186617970,-0.039269347,-0.015996275,0.001993118,0.000602937,-0.000086029,-0.000000034,-0.000000000,-0.000000000,-0.000000000,-0.000000000,0.000000000,0.000000000,0.000000000,0.000000000,0.000000000,-0.240000173,-0.407314360,0.085380211,0.073203869,0.022091556,-0.005098522,-0.011906060,0.003642832,0.000000661
