duration,cx0,cx1,cx2,cx3,cx4,cx5,cx6,cx7,cx8,cy0,cy1,cy2,cy3,cy4,cy5,cy6,cy7,cy8,cz0,cz1,cz2,cz3,cz4,cz5,cz6,cz7,cz8
0.372196466,0.000000000,0.434291989,-0.000000047,-0.074277498,-0.000000014,0.003802523,-0.000000220,-0.000086022,-0.000000033,-0.000000000,-0.000000000,-0.000000000,-0.000000000,0.000000000,0.000000000,0.000000000,0.000000000,0.000000000,-0.479999989,0.000000037,0.284483165,-0.000000235,-0.054446660,0.000002498,0.013604654,-0.003642805,-0.000000650
0.409968972,0.363730669,0.253196478,-0.226418152,-0.052479524,0.023546828,0.003231504,-0.001077160,-0.000000008,0.000000004,-0.000000000,-0.000000000,-0.000000000,-0.000000000,0.000000000,0.000000000,0.000000000,0.000000000,0.000000000,-0.239999980,0.448651105,0.103589237,-0.097828962,0.032519896,0.008258117,-0.021262554,0.006071825,0.000001351
0.372196436,0.363730639,-0.229868263,-0.186618075,0.039269362,0.015996287,-0.001993118,-0.000602939,0.000086030,0.000000034,-0.000000000,-0.000000000,-0.000000000,-0.000000000,0.000000000,0.000000000,0.000000000,0.000000000,0.000000000,0.240000024,0.407314599,-0.085380197,-0.073203951,-0.022091581,0.005098522,0.011906079,-0.003642838,-0.000000660
0.372196436,-0.000000037,-0.434291929,0.000000034,0.074277483,0.000000020,-0.003802520,0.000000216,0.000086025,0.000000032,-0.000000000,-0.000000000,-0.000000000,-0.000000000,0.000000000,0.000000000,0.000000000,0.000000000,0.000000000,0.479999989,-0.000000036,-0.284483194,0.000000228,0.054446667,-0.000002498,-0.013604651,0.003642805,0.000000650
0.409969062,-0.363730669,-0.253196537,0.226418257,0.052479580,-0.023546852,-0.003231518,0.001077171,0.000000002,-0.000000002,-0.000000000,-0.000000000,-0.000000000,-0.000000000,0.000000000,0.000000000,0.000000000,0.000000000,0.000000000,0.239999950,-0.448651284,-0.103589281,0.097829118,-0.032519925,-0.008258157,0.021262590,-0.006071834,-0.000001351
0.372196347,-0.363730580,0.229868323,0.186617970,-0.039269362,-0.015996272,0.001993121,0.000602936,-0.000086028,-0.000000034,-0.000000000,-0.000000000,-0.000000000,-0.000000000,0.000000000,0.000000000,0.000000000,0.000000000,0.000000000,-0.240000173,-0.407314390,0.085380256,0.073203869,0.022091534,-0.005098518,-0.011906056,0.003642830,0.000000661
