duration,x^0,x^1,x^2,x^3,x^4,x^5,x^6,x^7,y^0,y^1,y^2,y^3,y^4,y^5,y^6,y^7,z^0,z^1,z^2,z^3,z^4,z^5,z^6,z^7,yaw^0,yaw^1,yaw^2,yaw^3,yaw^4,yaw^5,yaw^6,yaw^7,
0.521630,-0.000000,0.832567,-0.000000,-0.523322,0.000013,0.098396,0.000095,-0.008251,-0.000000,-0.000000,-0.000000,-0.000000,0.000000,0.000000,0.000000,0.000000,-0.480000,0.000000,1.045517,-0.000002,-0.735377,-0.000044,0.675584,-0.346941,-0.000000,-0.000000,-0.000000,-0.000000,0.000000,0.000000,0.000000,0.000000,
0.574568,0.363731,0.440673,-0.685849,-0.276672,0.216051,0.051625,-0.029966,0.000013,-0.000000,-0.000000,-0.000000,-0.000000,0.000000,0.000000,0.000000,0.000000,-0.240000,0.780849,0.313785,-0.515754,0.298373,0.131985,-0.591229,0.293994,-0.000000,-0.000000,-0.000000,-0.000000,0.000000,0.000000,0.000000,0.000000,
0.521630,0.363731,-0.440673,-0.685849,0.276672,0.216051,-0.051579,-0.029981,0.008226,-0.000000,-0.000000,-0.000000,-0.000000,0.000000,0.000000,0.000000,0.000000,0.240000,0.780849,-0.313785,-0.515759,-0.298366,0.131902,0.591280,-0.346952,-0.000000,-0.000000,-0.000000,-0.000000,0.000000,0.000000,0.000000,0.000000,
0.521630,-0.000000,-0.832567,0.000000,0.523322,-0.000001,-0.098455,0.000001,0.008198,-0.000000,-0.000000,-0.000000,-0.000000,0.000000,0.000000,0.000000,0.000000,0.480000,-0.000000,-1.045517,0.000002,0.735388,0.000007,-0.675501,0.346901,-0.000000,-0.000000,-0.000000,-0.000000,0.000000,0.000000,0.000000,0.000000,
0.574568,-0.363731,-0.440673,0.685849,0.276672,-0.216052,-0.051627,0.029963,-0.000013,-0.000000,-0.000000,-0.000000,-0.000000,0.000000,0.000000,0.000000,0.000000,0.240000,-0.780849,-0.313785,0.515755,-0.298381,-0.131946,0.591167,-0.293962,-0.000000,-0.000000,-0.000000,-0.000000,0.000000,0.000000,0.000000,0.000000,
0.521630,-0.363731,0.440673,0.685849,-0.276673,-0.216037,0.051507,0.030106,-0.008295,-0.000000,-0.000000,-0.000000,-0.000000,0.000000,0.000000,0.000000,0.000000,-0.240000,-0.780849,0.313785,0.515758,0.298363,-0.131890,-0.591299,0.346961,-0.000000,-0.000000,-0.000000,-0.000000,0.000000,0.000000,0.000000,0.000000,
