duration,x^0,x^1,x^2,x^3,x^4,x^5,x^6,x^7,y^0,y^1,y^2,y^3,y^4,y^5,y^6,y^7,z^0,z^1,z^2,z^3,z^4,z^5,z^6,z^7,yaw^0,yaw^1,yaw^2,yaw^3,yaw^4,yaw^5,yaw^6,yaw^7,
0.392873,0.000000,0.821376,-0.000000,-0.785685,-0.000023,0.226511,-0.000345,-0.029586,-0.000000,-0.000000,-0.000000,-0.000000,0.000000,0.000000,0.000000,0.000000,-0.500000,0.000000,2.109439,-0.000007,-4.038366,-0.000041,7.622184,-5.128945,-0.000000,-0.000000,-0.000000,-0.000000,0.000000,0.000000,0.000000,0.000000,
0.526316,0.277128,0.483761,-0.794629,-0.461198,0.381301,0.129581,-0.082016,-0.000033,-0.000000,-0.000000,-0.000000,-0.000000,0.000000,0.000000,0.000000,0.000000,-0.250000,0.973976,0.085285,-1.378654,2.723283,1.342656,-6.483345,3.519518,-0.000000,-0.000000,-0.000000,-0.000000,0.000000,0.000000,0.000000,0.000000,
0.392873,0.277128,-0.483761,-0.794630,0.461199,0.381333,-0.129863,-0.081512,0.029424,-0.000000,-0.000000,-0.000000,-0.000000,0.000000,0.000000,0.000000,0.000000,0.250000,0.973976,-0.085285,-1.378678,-2.723261,1.342390,6.483510,-5.129172,-0.000000,-0.000000,-0.000000,-0.000000,0.000000,0.000000,0.000000,0.000000,
0.392873,-0.000000,-0.821376,0.000001,0.785685,-0.000009,-0.226313,-0.000070,0.029897,-0.000000,-0.000000,-0.000000,-0.000000,0.000000,0.000000,0.000000,0.000000,0.500000,0.000000,-2.109439,0.000007,4.038391,-0.000293,-7.621716,5.128414,-0.000000,-0.000000,-0.000000,-0.000000,0.000000,0.000000,0.000000,0.000000,
0.526316,-0.277128,-0.483761,0.794629,0.461197,-0.381291,-0.129618,0.082086,0.000000,-0.000000,-0.000000,-0.000000,-0.000000,0.000000,0.000000,0.000000,0.000000,0.250000,-0.973976,-0.085285,1.378654,-2.723299,-1.342591,6.483351,-3.519494,-0.000000,-0.000000,-0.000000,-0.000000,0.000000,0.000000,0.000000,0.000000,
0.392873,-0.277128,0.483762,0.794630,-0.461198,-0.381321,0.129784,0.081699,-0.029568,-0.000000,-0.000000,-0.000000,-0.000000,0.000000,0.000000,0.000000,0.000000,-0.250000,-0.973976,0.085285,1.378680,2.723189,-1.341956,-6.484437,5.129879,-0.000000,-0.000000,-0.000000,-0.000000,0.000000,0.000000,0.000000,0.000000,
